regime,lag_epochs,lag_label,family,baseline_model,augmented_model,valid,primary,baseline_eps_test,augmented_eps_test,conditional_lift,baseline_ll_test,augmented_ll_test,ll_improvement,baseline_bic_test,augmented_bic_test,bic_improvement,baseline_aic_test,augmented_aic_test,aic_improvement,n_subjects_evaluated,n_subjects_positive_lift,fraction_positive_lift,reason,control_type,replicate,control_seed,control_collapsed_overall
full,0,lag_0,MCEEG_next,D0_MCEEG_next_given_MCEEG,D1_MCEEG_next_given_MCEEG_RNG,True,False,0.0,0.0,0.0,-11561.514720373229,-11655.605762020155,-94.09104164692872,23772.627979696423,24610.40860194025,-837.780622243823,23267.029440746453,23599.21152404031,-332.18208329385743,10,0,0.0,ok,circular_rng_shift,0,424242,True
full,0,lag_0,RNG_next,C2_RNG_next_given_RNG,D2_RNG_next_given_RNG_MCEEG,True,False,0.8,0.0,-0.8,-5744.4212293148685,-5750.18688202948,-5.765652714611861,11506.88686248946,11662.773398796451,-155.88653630699446,11492.842458629735,11536.37376405896,-43.53130542922372,10,1,0.1,ok,circular_rng_shift,0,424242,True
no_wake,0,lag_0,MCEEG_next,D0_MCEEG_next_given_MCEEG,D1_MCEEG_next_given_MCEEG_RNG,True,False,0.8,0.8,0.0,-3314.352501537434,-3447.404315232375,-133.0518136949413,7197.630824408318,8032.660273131651,-835.0294487233323,6772.705003074868,7182.80863046475,-410.1036273898826,10,2,0.2,ok,circular_rng_shift,0,424242,True
no_wake,0,lag_0,RNG_next,C2_RNG_next_given_RNG,D2_RNG_next_given_RNG_MCEEG,True,False,0.0,0.0,0.0,-1870.4987732206207,-1873.8016067072724,-3.302833486651707,3756.799560545226,3889.821340350408,-133.02177980518218,3744.9975464412414,3783.603213414545,-38.60566697330341,10,1,0.1,ok,circular_rng_shift,0,424242,True
stable_sleep,0,lag_0,MCEEG_next,D0_MCEEG_next_given_MCEEG,D1_MCEEG_next_given_MCEEG_RNG,True,False,0.8,0.8,0.0,-2596.00454148805,-2653.3950961659166,-57.39055467786648,5732.799481121115,6388.370988621863,-655.5715075007483,5336.0090829761,5594.790192331833,-258.7811093557329,10,2,0.2,ok,circular_rng_shift,0,424242,True
stable_sleep,0,lag_0,RNG_next,C2_RNG_next_given_RNG,D2_RNG_next_given_RNG_MCEEG,True,False,0.0,0.0,0.0,-1266.257753518974,-1270.756496797554,-4.498743278579923,2547.536368150704,2676.700743609912,-129.1643754592078,2536.5155070379483,2577.512993595108,-40.997486557159846,10,4,0.4,ok,circular_rng_shift,0,424242,True
full,0,lag_0,MCEEG_next,D0_MCEEG_next_given_MCEEG,D1_MCEEG_next_given_MCEEG_RNG,True,False,0.0,0.0,0.0,-11561.514720373229,-11656.71150799777,-95.1967876245435,23772.627979696423,24612.620093895475,-839.9921141990526,23267.029440746453,23601.42301599554,-334.393575249087,10,0,0.0,ok,circular_rng_shift,1,425251,False
full,0,lag_0,RNG_next,C2_RNG_next_given_RNG,D2_RNG_next_given_RNG_MCEEG,True,False,0.0,0.8,0.8,-5746.917027695377,-5755.087669504537,-8.17064180915986,11511.878459250476,11672.574973746569,-160.69651449609046,11497.834055390756,11546.175339009074,-48.34128361831972,10,1,0.1,ok,circular_rng_shift,1,425251,False
no_wake,0,lag_0,MCEEG_next,D0_MCEEG_next_given_MCEEG,D1_MCEEG_next_given_MCEEG_RNG,True,False,0.8,0.8,0.0,-3314.352501537434,-3421.677817116341,-107.32531557890752,7197.630824408318,7981.207276899584,-783.5764524912656,6772.705003074868,7131.355634232683,-358.65063115781504,10,0,0.0,ok,circular_rng_shift,1,425251,True
no_wake,0,lag_0,RNG_next,C2_RNG_next_given_RNG,D2_RNG_next_given_RNG_MCEEG,True,False,0.0,0.0,0.0,-1874.5301467370496,-1878.179500969255,-3.649354232205269,3764.862307578084,3898.5771288743736,-133.7148212962893,3753.0602934741,3792.35900193851,-39.29870846441054,10,2,0.2,ok,circular_rng_shift,1,425251,True
stable_sleep,0,lag_0,MCEEG_next,D0_MCEEG_next_given_MCEEG,D1_MCEEG_next_given_MCEEG_RNG,True,False,0.8,0.8,0.0,-2596.00454148805,-2652.740661983523,-56.73612049547273,5732.799481121115,6387.062120257076,-654.2626391359609,5336.0090829761,5593.481323967046,-257.47224099094547,10,1,0.1,ok,circular_rng_shift,1,425251,True
stable_sleep,0,lag_0,RNG_next,C2_RNG_next_given_RNG,D2_RNG_next_given_RNG_MCEEG,True,False,0.0,0.0,0.0,-1267.1166496250828,-1267.207412205874,-0.090762580791079,2549.254160362921,2669.602574426552,-120.34841406363012,2538.2332992501656,2570.414824411748,-32.18152516158216,10,2,0.2,ok,circular_rng_shift,1,425251,True
full,0,lag_0,MCEEG_next,D0_MCEEG_next_given_MCEEG,D1_MCEEG_next_given_MCEEG_RNG,True,False,0.0,0.0,0.0,-11561.514720373229,-11648.747734870683,-87.23301449745668,23772.627979696423,24596.6925476413,-824.064567944879,23267.029440746453,23585.495469741367,-318.46602899491336,10,0,0.0,ok,circular_rng_shift,2,426260,True
full,0,lag_0,RNG_next,C2_RNG_next_given_RNG,D2_RNG_next_given_RNG_MCEEG,True,False,0.8,0.0,-0.8,-5744.734656013491,-5749.560208876556,-4.825552863065241,11507.513715886704,11661.520052490603,-154.00633660390122,11493.469312026982,11535.120417753113,-41.65110572613048,10,1,0.1,ok,circular_rng_shift,2,426260,True
no_wake,0,lag_0,MCEEG_next,D0_MCEEG_next_given_MCEEG,D1_MCEEG_next_given_MCEEG_RNG,True,False,0.8,0.8,0.0,-3314.352501537434,-3437.4925435017367,-123.14004196430278,7197.630824408318,8012.836729670375,-815.2059052620561,6772.705003074868,7162.985087003473,-390.2800839286056,10,0,0.0,ok,circular_rng_shift,2,426260,True
no_wake,0,lag_0,RNG_next,C2_RNG_next_given_RNG,D2_RNG_next_given_RNG_MCEEG,True,False,0.0,0.0,0.0,-1860.5052272988448,-1868.924826917684,-8.419599618839356,3736.8124687016734,3880.067780771232,-143.25531206955748,3725.0104545976897,3773.849653835368,-48.83919923767871,10,3,0.3,ok,circular_rng_shift,2,426260,True
stable_sleep,0,lag_0,MCEEG_next,D0_MCEEG_next_given_MCEEG,D1_MCEEG_next_given_MCEEG_RNG,True,False,0.8,0.8,0.0,-2596.00454148805,-2726.937312767558,-130.93277127950796,5732.799481121115,6535.455421825146,-802.6559407040313,5336.0090829761,5741.874625535116,-405.8655425590159,10,1,0.1,ok,circular_rng_shift,2,426260,True
stable_sleep,0,lag_0,RNG_next,C2_RNG_next_given_RNG,D2_RNG_next_given_RNG_MCEEG,True,False,0.0,0.0,0.0,-1263.8911206836708,-1266.4734567715732,-2.5823360879023767,2542.8031024800976,2668.1346635579503,-125.33156107785273,2531.7822413673416,2568.9469135431464,-37.16467217580475,10,2,0.2,ok,circular_rng_shift,2,426260,True
full,0,lag_0,MCEEG_next,D0_MCEEG_next_given_MCEEG,D1_MCEEG_next_given_MCEEG_RNG,True,False,0.0,0.0,0.0,-11561.514720373229,-11650.012978671264,-88.4982582980374,23772.627979696423,24599.223035242463,-826.5950555460404,23267.029440746453,23588.02595734253,-320.9965165960748,10,0,0.0,ok,circular_rng_shift,3,427269,True
full,0,lag_0,RNG_next,C2_RNG_next_given_RNG,D2_RNG_next_given_RNG_MCEEG,True,False,0.8,0.0,-0.8,-5744.4009215643255,-5749.250048757584,-4.849127193258028,11506.846246988373,11660.89973225266,-154.0534852642868,11492.801843128653,11534.500097515169,-41.698254386516055,10,0,0.0,ok,circular_rng_shift,3,427269,True
no_wake,0,lag_0,MCEEG_next,D0_MCEEG_next_given_MCEEG,D1_MCEEG_next_given_MCEEG_RNG,True,False,0.8,0.8,0.0,-3314.352501537434,-3394.479934104635,-80.12743256720114,7197.630824408318,7926.81151087617,-729.180686467852,6772.705003074868,7076.95986820927,-304.2548651344023,10,0,0.0,ok,circular_rng_shift,3,427269,True
no_wake,0,lag_0,RNG_next,C2_RNG_next_given_RNG,D2_RNG_next_given_RNG_MCEEG,True,False,0.0,0.0,0.0,-1870.4023660303048,-1873.2574580058329,-2.855091975528012,3756.6067461645935,3888.733042947529,-132.1262967829348,3744.8047320606097,3782.5149160116657,-37.71018395105602,10,4,0.4,ok,circular_rng_shift,3,427269,True
stable_sleep,0,lag_0,MCEEG_next,D0_MCEEG_next_given_MCEEG,D1_MCEEG_next_given_MCEEG_RNG,True,False,0.8,0.8,0.0,-2596.00454148805,-2704.5017909983007,-108.49724951025064,5732.799481121115,6490.584378286631,-757.7848971655167,5336.0090829761,5697.0035819966015,-360.9944990205013,10,0,0.0,ok,circular_rng_shift,3,427269,True
stable_sleep,0,lag_0,RNG_next,C2_RNG_next_given_RNG,D2_RNG_next_given_RNG_MCEEG,True,False,0.0,0.0,0.0,-1265.5791445651546,-1272.713232761576,-7.134088196421544,2546.179150243065,2680.6142155379566,-134.4350652948915,2535.158289130309,2581.4264655231523,-46.26817639284309,10,5,0.5,ok,circular_rng_shift,3,427269,True
full,0,lag_0,MCEEG_next,D0_MCEEG_next_given_MCEEG,D1_MCEEG_next_given_MCEEG_RNG,True,False,0.0,0.0,0.0,-11561.514720373229,-11650.300382478454,-88.78566210522695,23772.627979696423,24599.79784285684,-827.1698631604195,23267.029440746453,23588.600764956907,-321.5713242104539,10,0,0.0,ok,circular_rng_shift,4,428278,True
full,0,lag_0,RNG_next,C2_RNG_next_given_RNG,D2_RNG_next_given_RNG_MCEEG,True,False,0.8,0.0,-0.8,-5745.229643690643,-5750.467713873844,-5.238070183201671,11508.503691241009,11663.33506248518,-154.83137124417408,11494.459287381284,11536.935427747689,-42.47614036640334,10,1,0.1,ok,circular_rng_shift,4,428278,True
no_wake,0,lag_0,MCEEG_next,D0_MCEEG_next_given_MCEEG,D1_MCEEG_next_given_MCEEG_RNG,True,False,0.8,0.8,0.0,-3314.352501537434,-3398.7028101464025,-84.35030860896859,7197.630824408318,7935.257262959705,-737.6264385513869,6772.705003074868,7085.405620292805,-312.7006172179372,10,1,0.1,ok,circular_rng_shift,4,428278,True
no_wake,0,lag_0,RNG_next,C2_RNG_next_given_RNG,D2_RNG_next_given_RNG_MCEEG,True,False,0.0,0.0,0.0,-1869.988753005236,-1877.0147221940665,-7.025969188830459,3755.779520114457,3896.247571323997,-140.46805120953968,3743.977506010472,3790.029444388133,-46.05193837766092,10,1,0.1,ok,circular_rng_shift,4,428278,True
stable_sleep,0,lag_0,MCEEG_next,D0_MCEEG_next_given_MCEEG,D1_MCEEG_next_given_MCEEG_RNG,True,False,0.8,0.8,0.0,-2596.00454148805,-2658.932170362695,-62.92762887464505,5732.799481121115,6399.44513701542,-666.6456558943055,5336.0090829761,5605.86434072539,-269.8552577492901,10,1,0.1,ok,circular_rng_shift,4,428278,True
stable_sleep,0,lag_0,RNG_next,C2_RNG_next_given_RNG,D2_RNG_next_given_RNG_MCEEG,True,False,0.0,0.0,0.0,-1267.316638930768,-1270.739764371696,-3.4231254409278336,2549.654138974292,2676.667278758196,-127.01313978390364,2538.633277861536,2577.479528743392,-38.84625088185567,10,2,0.2,ok,circular_rng_shift,4,428278,True
full,0,lag_0,MCEEG_next,D0_MCEEG_next_given_MCEEG,D1_MCEEG_next_given_MCEEG_RNG,True,False,0.0,0.0,0.0,-11561.514720373229,-11630.823251107347,-69.30853073412072,23772.627979696423,24560.84358011463,-788.215600418207,23267.029440746453,23549.64650221469,-282.61706146824145,10,0,0.0,ok,circular_rng_shift,5,429287,True
full,0,lag_0,RNG_next,C2_RNG_next_given_RNG,D2_RNG_next_given_RNG_MCEEG,True,False,0.8,0.8,0.0,-5744.811680198237,-5749.577747535269,-4.766067337031927,11507.667764256195,11661.55512980803,-153.8873655518346,11493.623360396474,11535.155495070538,-41.532134674063855,10,1,0.1,ok,circular_rng_shift,5,429287,True
no_wake,0,lag_0,MCEEG_next,D0_MCEEG_next_given_MCEEG,D1_MCEEG_next_given_MCEEG_RNG,True,False,0.8,0.8,0.0,-3314.352501537434,-3400.66319742381,-86.31069588637592,7197.630824408318,7939.178037514521,-741.5472131062024,6772.705003074868,7089.32639484762,-316.62139177275185,10,0,0.0,ok,circular_rng_shift,5,429287,True
no_wake,0,lag_0,RNG_next,C2_RNG_next_given_RNG,D2_RNG_next_given_RNG_MCEEG,True,False,0.0,0.0,0.0,-1870.451451825576,-1874.0840552569855,-3.632603431409734,3756.7049177551366,3890.386237449835,-133.68131969469823,3744.902903651152,3784.168110513971,-39.26520686281947,10,2,0.2,ok,circular_rng_shift,5,429287,True
stable_sleep,0,lag_0,MCEEG_next,D0_MCEEG_next_given_MCEEG,D1_MCEEG_next_given_MCEEG_RNG,True,False,0.8,0.8,0.0,-2596.00454148805,-2672.059079754674,-76.0545382666237,5732.799481121115,6425.6989557993775,-692.8994746782628,5336.0090829761,5632.118159509348,-296.1090765332474,10,0,0.0,ok,circular_rng_shift,5,429287,True
stable_sleep,0,lag_0,RNG_next,C2_RNG_next_given_RNG,D2_RNG_next_given_RNG_MCEEG,True,False,0.0,0.0,0.0,-1266.900980940531,-1267.2731987990337,-0.3722178585023812,2548.8228229938186,2669.7341476128718,-120.91132461905272,2537.8019618810627,2570.5463975980674,-32.74443571700476,10,4,0.4,ok,circular_rng_shift,5,429287,True
full,0,lag_0,MCEEG_next,D0_MCEEG_next_given_MCEEG,D1_MCEEG_next_given_MCEEG_RNG,True,False,0.0,0.0,0.0,-11561.514720373229,-11624.369288550804,-62.85456817757586,23772.627979696423,24547.93565500154,-775.3076753051173,23267.029440746453,23536.738577101605,-269.7091363551517,10,0,0.0,ok,circular_rng_shift,6,430296,True
full,0,lag_0,RNG_next,C2_RNG_next_given_RNG,D2_RNG_next_given_RNG_MCEEG,True,False,0.8,0.0,-0.8,-5744.616300587632,-5749.521392523567,-4.905091935935161,11507.277005034985,11661.442419784626,-154.16541474964106,11493.232601175265,11535.042785047131,-41.81018387187032,10,1,0.1,ok,circular_rng_shift,6,430296,True
no_wake,0,lag_0,MCEEG_next,D0_MCEEG_next_given_MCEEG,D1_MCEEG_next_given_MCEEG_RNG,True,False,0.8,0.8,0.0,-3314.352501537434,-3399.335689696202,-84.98318815876792,7197.630824408318,7936.523022059304,-738.8921976509855,6772.705003074868,7086.671379392404,-313.96637631753583,10,0,0.0,ok,circular_rng_shift,6,430296,True
no_wake,0,lag_0,RNG_next,C2_RNG_next_given_RNG,D2_RNG_next_given_RNG_MCEEG,True,False,0.8,0.0,-0.8,-1871.495408657174,-1876.559998418712,-5.064589761537718,3758.7928314183328,3895.338123773287,-136.5452923549542,3746.990817314348,3789.119996837424,-42.12917952307544,10,1,0.1,ok,circular_rng_shift,6,430296,True
stable_sleep,0,lag_0,MCEEG_next,D0_MCEEG_next_given_MCEEG,D1_MCEEG_next_given_MCEEG_RNG,True,False,0.8,0.8,0.0,-2596.00454148805,-2680.943082416291,-84.93854092824085,5732.799481121115,6443.466961122612,-710.6674800014971,5336.0090829761,5649.886164832582,-313.8770818564817,10,0,0.0,ok,circular_rng_shift,6,430296,True
stable_sleep,0,lag_0,RNG_next,C2_RNG_next_given_RNG,D2_RNG_next_given_RNG_MCEEG,True,False,0.0,0.0,0.0,-1268.915670190505,-1272.8538256517966,-3.938155461291899,2552.8522014937653,2680.895401318397,-128.0431998246322,2541.8313403810093,2581.707651303593,-39.8763109225838,10,3,0.3,ok,circular_rng_shift,6,430296,True
full,0,lag_0,MCEEG_next,D0_MCEEG_next_given_MCEEG,D1_MCEEG_next_given_MCEEG_RNG,True,False,0.0,0.0,0.0,-11561.514720373229,-11723.698686053893,-162.1839656806642,23772.627979696423,24746.59445000772,-973.966470311294,23267.029440746453,23735.397372107785,-468.3679313613284,10,0,0.0,ok,circular_rng_shift,7,431305,True
full,0,lag_0,RNG_next,C2_RNG_next_given_RNG,D2_RNG_next_given_RNG_MCEEG,True,False,0.0,0.0,0.0,-5745.301795909205,-5751.632799525257,-6.33100361605193,11508.647995678131,11665.665233788006,-157.0172381098746,11494.60359181841,11539.265599050514,-44.66200723210386,10,1,0.1,ok,circular_rng_shift,7,431305,True
no_wake,0,lag_0,MCEEG_next,D0_MCEEG_next_given_MCEEG,D1_MCEEG_next_given_MCEEG_RNG,True,False,0.8,0.8,0.0,-3314.352501537434,-3423.3737138675942,-109.02121233016032,7197.630824408318,7984.59907040209,-786.9682459937712,6772.705003074868,7134.7474277351885,-362.0424246603207,10,1,0.1,ok,circular_rng_shift,7,431305,True
no_wake,0,lag_0,RNG_next,C2_RNG_next_given_RNG,D2_RNG_next_given_RNG_MCEEG,True,False,0.8,0.0,-0.8,-1872.441376375412,-1879.6112304135293,-7.169854038117592,3760.684766854808,3901.440587762922,-140.75582090811395,3748.8827527508233,3795.2224608270585,-46.33970807623518,10,3,0.3,ok,circular_rng_shift,7,431305,True
stable_sleep,0,lag_0,MCEEG_next,D0_MCEEG_next_given_MCEEG,D1_MCEEG_next_given_MCEEG_RNG,True,False,0.8,0.8,0.0,-2596.00454148805,-2674.556531906232,-78.5519904181815,5732.799481121115,6430.693860102493,-697.8943789813784,5336.0090829761,5637.113063812463,-301.103980836363,10,1,0.1,ok,circular_rng_shift,7,431305,True
stable_sleep,0,lag_0,RNG_next,C2_RNG_next_given_RNG,D2_RNG_next_given_RNG_MCEEG,True,False,0.0,0.0,0.0,-1266.5964021556968,-1270.35088994924,-3.7544877935431487,2548.213665424149,2675.889529913284,-127.67586448913426,2537.192804311393,2576.70177989848,-39.5089755870863,10,4,0.4,ok,circular_rng_shift,7,431305,True
full,0,lag_0,MCEEG_next,D0_MCEEG_next_given_MCEEG,D1_MCEEG_next_given_MCEEG_RNG,True,False,0.0,0.0,0.0,-11561.514720373229,-11658.146446986848,-96.63172661362114,23772.627979696423,24615.48997187363,-842.8619921772079,23267.029440746453,23604.292893973696,-337.2634532272423,10,0,0.0,ok,circular_rng_shift,8,432314,True
full,0,lag_0,RNG_next,C2_RNG_next_given_RNG,D2_RNG_next_given_RNG_MCEEG,True,False,0.8,0.0,-0.8,-5744.454119792528,-5754.826653069727,-10.372533277198272,11506.952643444778,11672.052940876943,-165.10029743216728,11492.908239585056,11545.653306139451,-52.745066554396544,10,1,0.1,ok,circular_rng_shift,8,432314,True
no_wake,0,lag_0,MCEEG_next,D0_MCEEG_next_given_MCEEG,D1_MCEEG_next_given_MCEEG_RNG,True,False,0.8,0.8,0.0,-3314.352501537434,-3386.7188448137954,-72.36634327636148,7197.630824408318,7911.289332294491,-713.6585078861726,6772.705003074868,7061.437689627591,-288.7326865527229,10,0,0.0,ok,circular_rng_shift,8,432314,True
no_wake,0,lag_0,RNG_next,C2_RNG_next_given_RNG,D2_RNG_next_given_RNG_MCEEG,True,False,0.0,0.0,0.0,-1870.217513140168,-1874.952693340524,-4.735180200356126,3756.2370403843206,3892.123513616912,-135.88647323259102,3744.435026280336,3785.905386681048,-41.47036040071225,10,2,0.2,ok,circular_rng_shift,8,432314,True
stable_sleep,0,lag_0,MCEEG_next,D0_MCEEG_next_given_MCEEG,D1_MCEEG_next_given_MCEEG_RNG,True,False,0.8,0.8,0.0,-2596.00454148805,-2631.1076387782346,-35.10309729018445,5732.799481121115,6343.796073846499,-610.9965927253843,5336.0090829761,5550.215277556469,-214.2061945803689,10,1,0.1,ok,circular_rng_shift,8,432314,True
stable_sleep,0,lag_0,RNG_next,C2_RNG_next_given_RNG,D2_RNG_next_given_RNG_MCEEG,True,False,0.0,0.0,0.0,-1266.7198278138403,-1268.0794438442144,-1.3596160303741271,2548.460516740437,2671.346637703233,-122.8861209627962,2537.4396556276806,2572.158887688429,-34.719232060748254,10,3,0.3,ok,circular_rng_shift,8,432314,True
full,0,lag_0,MCEEG_next,D0_MCEEG_next_given_MCEEG,D1_MCEEG_next_given_MCEEG_RNG,True,False,0.0,0.0,0.0,-11561.514720373229,-11677.992504241529,-116.47778386830032,23772.627979696423,24655.18208638299,-882.5541066865662,23267.029440746453,23643.98500848305,-376.95556773660064,10,0,0.0,ok,circular_rng_shift,9,433323,True
full,0,lag_0,RNG_next,C2_RNG_next_given_RNG,D2_RNG_next_given_RNG_MCEEG,True,False,0.0,0.0,0.0,-5745.3390937850345,-5750.342745485759,-5.003651700724731,11508.72259142979,11663.08512570901,-154.3625342792202,11494.678187570067,11536.685490971518,-42.00730340144946,10,1,0.1,ok,circular_rng_shift,9,433323,True
no_wake,0,lag_0,MCEEG_next,D0_MCEEG_next_given_MCEEG,D1_MCEEG_next_given_MCEEG_RNG,True,False,0.8,0.8,0.0,-3314.352501537434,-3431.912428153565,-117.55992661613163,7197.630824408318,8001.676498974031,-804.0456745657129,6772.705003074868,7151.824856307131,-379.11985323226327,10,0,0.0,ok,circular_rng_shift,9,433323,True
no_wake,0,lag_0,RNG_next,C2_RNG_next_given_RNG,D2_RNG_next_given_RNG_MCEEG,True,False,0.0,0.0,0.0,-1870.5226804075664,-1875.4991395865284,-4.976459178962159,3756.847374919117,3893.21640610892,-136.36903118980308,3745.045360815133,3786.9982791730567,-41.95291835792432,10,3,0.3,ok,circular_rng_shift,9,433323,True
stable_sleep,0,lag_0,MCEEG_next,D0_MCEEG_next_given_MCEEG,D1_MCEEG_next_given_MCEEG_RNG,True,False,0.8,0.8,0.0,-2596.00454148805,-2648.3692952595397,-52.36475377148918,5732.799481121115,6378.319386809108,-645.5199056879937,5336.0090829761,5584.738590519079,-248.72950754297835,10,1,0.1,ok,circular_rng_shift,9,433323,True
stable_sleep,0,lag_0,RNG_next,C2_RNG_next_given_RNG,D2_RNG_next_given_RNG_MCEEG,True,False,0.0,0.0,0.0,-1266.926097992149,-1268.336052513321,-1.4099545211720397,2548.873057097054,2671.8598550414463,-122.98679794439248,2537.852195984298,2572.672105026642,-34.81990904234408,10,2,0.2,ok,circular_rng_shift,9,433323,True
full,0,lag_0,MCEEG_next,D0_MCEEG_next_given_MCEEG,D1_MCEEG_next_given_MCEEG_RNG,True,False,0.0,0.0,0.0,-11561.514720373229,-11620.794644950982,-59.27992457775508,23772.627979696423,24540.7863678019,-768.1583881054758,23267.029440746453,23529.589289901964,-262.55984915551016,10,0,0.0,ok,circular_rng_shift,10,434332,True
full,0,lag_0,RNG_next,C2_RNG_next_given_RNG,D2_RNG_next_given_RNG_MCEEG,True,False,0.8,0.0,-0.8,-5745.126966715182,-5752.525274976197,-7.39830826101479,11508.298337290084,11667.450184689886,-159.15184739980032,11494.253933430364,11541.050549952392,-46.79661652202958,10,1,0.1,ok,circular_rng_shift,10,434332,True
no_wake,0,lag_0,MCEEG_next,D0_MCEEG_next_given_MCEEG,D1_MCEEG_next_given_MCEEG_RNG,True,False,0.8,0.8,0.0,-3314.352501537434,-3444.7332639093875,-130.38076237195355,7197.630824408318,8027.318170485676,-829.6873460773577,6772.705003074868,7177.466527818775,-404.7615247439071,10,0,0.0,ok,circular_rng_shift,10,434332,True
no_wake,0,lag_0,RNG_next,C2_RNG_next_given_RNG,D2_RNG_next_given_RNG_MCEEG,True,False,0.8,0.0,-0.8,-1871.4543692748996,-1879.4157936033444,-7.961424328444991,3758.710752653784,3901.049714142552,-142.33896148876877,3746.908738549799,3794.8315872066887,-47.92284865688998,10,3,0.3,ok,circular_rng_shift,10,434332,True
stable_sleep,0,lag_0,MCEEG_next,D0_MCEEG_next_given_MCEEG,D1_MCEEG_next_given_MCEEG_RNG,True,False,0.8,0.8,0.0,-2596.00454148805,-2680.8342433924363,-84.82970190438618,5732.799481121115,6443.249283074902,-710.4498019537878,5336.0090829761,5649.668486784873,-313.6594038087724,10,0,0.0,ok,circular_rng_shift,10,434332,True
stable_sleep,0,lag_0,RNG_next,C2_RNG_next_given_RNG,D2_RNG_next_given_RNG_MCEEG,True,False,0.0,0.0,0.0,-1267.1157771328162,-1270.2835094703214,-3.1677323375051856,2549.2524153783884,2675.7547689554467,-126.50235357705832,2538.2315542656324,2576.567018940643,-38.33546467501037,10,4,0.4,ok,circular_rng_shift,10,434332,True
full,0,lag_0,MCEEG_next,D0_MCEEG_next_given_MCEEG,D1_MCEEG_next_given_MCEEG_RNG,True,False,0.0,0.0,0.0,-11561.514720373229,-11650.912500078288,-89.39777970506111,23772.627979696423,24601.02207805651,-828.3940983600878,23267.029440746453,23589.825000156576,-322.7955594101222,10,0,0.0,ok,circular_rng_shift,11,435341,False
full,0,lag_0,RNG_next,C2_RNG_next_given_RNG,D2_RNG_next_given_RNG_MCEEG,True,False,0.0,0.8,0.8,-5745.359751731412,-5748.639302238778,-3.279550507366366,11508.763907322544,11659.678239215047,-150.91433189250347,11494.719503462824,11533.278604477557,-38.55910101473273,10,0,0.0,ok,circular_rng_shift,11,435341,False
no_wake,0,lag_0,MCEEG_next,D0_MCEEG_next_given_MCEEG,D1_MCEEG_next_given_MCEEG_RNG,True,False,0.8,0.8,0.0,-3314.352501537434,-3388.797461040112,-74.44495950267765,7197.630824408318,7915.446564747124,-717.8157403388059,6772.705003074868,7065.594922080223,-292.8899190053553,10,0,0.0,ok,circular_rng_shift,11,435341,True
no_wake,0,lag_0,RNG_next,C2_RNG_next_given_RNG,D2_RNG_next_given_RNG_MCEEG,True,False,0.0,0.0,0.0,-1869.2322847792548,-1875.960629103835,-6.7283443245798935,3754.266583662494,3894.1393851435328,-139.87280148103855,3742.4645695585095,3787.921258207669,-45.45668864915979,10,2,0.2,ok,circular_rng_shift,11,435341,True
stable_sleep,0,lag_0,MCEEG_next,D0_MCEEG_next_given_MCEEG,D1_MCEEG_next_given_MCEEG_RNG,True,False,0.8,0.8,0.0,-2596.00454148805,-2685.4072070711827,-89.4026655831326,5732.799481121115,6452.395210432395,-719.5957293112806,5336.0090829761,5658.814414142365,-322.8053311662652,10,1,0.1,ok,circular_rng_shift,11,435341,True
stable_sleep,0,lag_0,RNG_next,C2_RNG_next_given_RNG,D2_RNG_next_given_RNG_MCEEG,True,False,0.0,0.0,0.0,-1267.1993327528903,-1267.8414247595178,-0.6420920066275357,2549.419526618537,2670.87059953384,-121.45107291530304,2538.3986655057806,2571.682849519036,-33.28418401325507,10,2,0.2,ok,circular_rng_shift,11,435341,True
full,0,lag_0,MCEEG_next,D0_MCEEG_next_given_MCEEG,D1_MCEEG_next_given_MCEEG_RNG,True,False,0.0,0.0,0.0,-15990.482008763049,-16009.83617797316,-19.35416921011165,32630.501697932323,33318.74771675877,-688.2460188264486,32124.964017526097,32307.67235594632,-182.7083384202233,10,0,0.0,ok,conditional_target_shuffle,0,424242,True
full,0,lag_0,RNG_next,C2_RNG_next_given_RNG,D2_RNG_next_given_RNG_MCEEG,True,False,0.0,0.0,0.0,-5737.590709501139,-5737.740130731793,-0.1494212306542977,11493.224132346895,11637.864681565145,-144.64054921824754,11479.181419002278,11511.480261463586,-32.298842461308595,10,2,0.2,ok,conditional_target_shuffle,0,424242,True
no_wake,0,lag_0,MCEEG_next,D0_MCEEG_next_given_MCEEG,D1_MCEEG_next_given_MCEEG_RNG,True,False,0.0,0.0,0.0,-4572.830673325583,-4617.848664803199,-45.0179914776154,9714.587167984617,10373.548972273298,-658.9618042886814,9289.661346651166,9523.697329606395,-234.0359829552308,10,0,0.0,ok,conditional_target_shuffle,0,424242,True
no_wake,0,lag_0,RNG_next,C2_RNG_next_given_RNG,D2_RNG_next_given_RNG_MCEEG,True,False,0.8,0.8,0.0,-1869.6508546824225,-1871.4493405220392,-1.79848583961666,3755.1007583089095,3885.1168079799418,-130.0160496710323,3743.301709364845,3778.8986810440783,-35.59697167923332,10,1,0.1,ok,conditional_target_shuffle,0,424242,True
stable_sleep,0,lag_0,MCEEG_next,D0_MCEEG_next_given_MCEEG,D1_MCEEG_next_given_MCEEG_RNG,True,False,0.8,0.8,0.0,-3192.9283966100825,-3378.3074644398043,-185.37906782972183,6926.647191365179,7838.1957251696385,-911.5485338044592,6529.856793220165,7044.614928879609,-514.7581356594437,10,2,0.2,ok,conditional_target_shuffle,0,424242,True
stable_sleep,0,lag_0,RNG_next,C2_RNG_next_given_RNG,D2_RNG_next_given_RNG_MCEEG,True,False,0.8,0.0,-0.8,-1265.0131373480576,-1271.6494630987982,-6.636325750740525,2545.044945228148,2678.4866762124,-133.441730984252,2534.0262746961157,2579.2989261975963,-45.27265150148105,10,1,0.1,ok,conditional_target_shuffle,0,424242,True
full,0,lag_0,MCEEG_next,D0_MCEEG_next_given_MCEEG,D1_MCEEG_next_given_MCEEG_RNG,True,False,0.0,0.0,0.0,-16055.658833072444,-16074.066647153308,-18.407814080865137,32760.85534655111,33447.208655119066,-686.3533085679555,32255.317666144885,32436.13329430661,-180.81562816173027,10,1,0.1,ok,conditional_target_shuffle,1,425251,True
full,0,lag_0,RNG_next,C2_RNG_next_given_RNG,D2_RNG_next_given_RNG_MCEEG,True,False,0.0,0.0,0.0,-5737.8658001140175,-5739.82426038137,-1.9584602673521656,11493.774313572652,11642.032940864296,-148.25862729164328,11479.731600228037,11515.64852076274,-35.91692053470433,10,0,0.0,ok,conditional_target_shuffle,1,425251,True
no_wake,0,lag_0,MCEEG_next,D0_MCEEG_next_given_MCEEG,D1_MCEEG_next_given_MCEEG_RNG,True,False,0.0,0.0,0.0,-4552.373560451259,-4593.313479618695,-40.93991916743562,9673.67294223597,10324.478601904291,-650.8056596683218,9248.74712090252,9474.62695923739,-225.87983833487124,10,2,0.2,ok,conditional_target_shuffle,1,425251,True
no_wake,0,lag_0,RNG_next,C2_RNG_next_given_RNG,D2_RNG_next_given_RNG_MCEEG,True,False,0.8,0.8,0.0,-1868.561275780272,-1875.20035629306,-6.639080512788269,3752.921600504608,3892.6188395219833,-139.69723901737552,3741.1225515605433,3786.40071258612,-45.27816102557654,10,3,0.3,ok,conditional_target_shuffle,1,425251,True
stable_sleep,0,lag_0,MCEEG_next,D0_MCEEG_next_given_MCEEG,D1_MCEEG_next_given_MCEEG_RNG,True,False,0.8,0.8,0.0,-3227.170090308328,-3308.1362555772844,-80.9661652689565,6995.13057876167,7697.853307444599,-702.7227286829284,6598.340180616656,6904.272511154569,-305.932330537913,10,1,0.1,ok,conditional_target_shuffle,1,425251,True
stable_sleep,0,lag_0,RNG_next,C2_RNG_next_given_RNG,D2_RNG_next_given_RNG_MCEEG,True,False,0.0,0.0,0.0,-1265.8957285400743,-1273.5746546833516,-7.678926143277295,2546.8090314214173,2682.337059381507,-135.52802796008973,2535.7914570801486,2583.149309366703,-47.35785228655459,10,2,0.2,ok,conditional_target_shuffle,1,425251,True
full,0,lag_0,MCEEG_next,D0_MCEEG_next_given_MCEEG,D1_MCEEG_next_given_MCEEG_RNG,True,False,0.0,0.0,0.0,-15932.405079525512,-15946.353589869046,-13.94851034353269,32514.34783945725,33191.78254055054,-677.4347010932906,32008.810159051027,32180.70717973809,-171.89702068706538,10,0,0.0,ok,conditional_target_shuffle,2,426260,True
full,0,lag_0,RNG_next,C2_RNG_next_given_RNG,D2_RNG_next_given_RNG_MCEEG,True,False,0.0,0.0,0.0,-5737.65015473859,-5739.4541628641255,-1.8040081255358016,11493.343022821797,11641.292745829807,-147.94972300801055,11479.30030947718,11514.908325728253,-35.608016251071604,10,1,0.1,ok,conditional_target_shuffle,2,426260,True
no_wake,0,lag_0,MCEEG_next,D0_MCEEG_next_given_MCEEG,D1_MCEEG_next_given_MCEEG_RNG,True,False,0.0,0.0,0.0,-4447.147057435519,-4561.565442692643,-114.4183852571241,9463.219936204488,10260.982528052187,-797.7625918476988,9038.294114871038,9411.130885385286,-372.8367705142482,10,2,0.2,ok,conditional_target_shuffle,2,426260,True
no_wake,0,lag_0,RNG_next,C2_RNG_next_given_RNG,D2_RNG_next_given_RNG_MCEEG,True,False,0.0,0.0,0.0,-1870.2478960898293,-1884.9698973002808,-14.722001210451936,3756.294841123723,3912.157921536426,-155.86308041270286,3744.4957921796586,3805.9397946005615,-61.44400242090387,10,2,0.2,ok,conditional_target_shuffle,2,426260,True
stable_sleep,0,lag_0,MCEEG_next,D0_MCEEG_next_given_MCEEG,D1_MCEEG_next_given_MCEEG_RNG,True,False,0.8,0.0,-0.8,-3221.2047552103145,-3345.080866697777,-123.87611148746235,6983.199908565643,7771.742529685584,-788.5426211199401,6586.409510420629,6978.161733395554,-391.75222297492473,10,1,0.1,ok,conditional_target_shuffle,2,426260,False
stable_sleep,0,lag_0,RNG_next,C2_RNG_next_given_RNG,D2_RNG_next_given_RNG_MCEEG,True,False,0.0,0.8,0.8,-1264.9768046561392,-1275.1080904194948,-10.131285763355663,2544.971183653547,2685.403930853794,-140.43274720024692,2533.9536093122783,2586.2161808389897,-52.262571526711326,10,1,0.1,ok,conditional_target_shuffle,2,426260,False
full,0,lag_0,MCEEG_next,D0_MCEEG_next_given_MCEEG,D1_MCEEG_next_given_MCEEG_RNG,True,False,0.0,0.0,0.0,-16012.32896150725,-16044.078495403406,-31.74953389615621,32674.195603420725,33387.23235161926,-713.0367481985377,32168.6579230145,32376.15699080681,-207.4990677923124,10,0,0.0,ok,conditional_target_shuffle,3,427269,False
full,0,lag_0,RNG_next,C2_RNG_next_given_RNG,D2_RNG_next_given_RNG_MCEEG,True,False,0.0,0.0,0.0,-5737.081584096226,-5741.047530634326,-3.96594653810007,11492.20588153707,11644.479481370208,-152.2735998331391,11478.163168192452,11518.095061268652,-39.93189307620014,10,1,0.1,ok,conditional_target_shuffle,3,427269,False
no_wake,0,lag_0,MCEEG_next,D0_MCEEG_next_given_MCEEG,D1_MCEEG_next_given_MCEEG_RNG,True,False,0.0,0.0,0.0,-4356.545818632736,-4428.583590454018,-72.03777182128215,9282.017458598924,9995.018823574936,-713.0013649760149,8857.091637265472,9145.167180908036,-288.0755436425643,10,2,0.2,ok,conditional_target_shuffle,3,427269,True
no_wake,0,lag_0,RNG_next,C2_RNG_next_given_RNG,D2_RNG_next_given_RNG_MCEEG,True,False,0.0,0.0,0.0,-1868.875716832874,-1873.3184311382747,-4.442714305400614,3753.5504826098127,3888.854989212413,-135.3045066026002,3741.751433665748,3782.636862276549,-40.88542861080123,10,1,0.1,ok,conditional_target_shuffle,3,427269,True
stable_sleep,0,lag_0,MCEEG_next,D0_MCEEG_next_given_MCEEG,D1_MCEEG_next_given_MCEEG_RNG,True,False,0.0,0.0,0.0,-3188.9022301763384,-3311.464411242768,-122.56218106642928,6918.594858497691,7704.509618775565,-785.9147602778739,6521.804460352677,6910.928822485535,-389.12436213285855,10,2,0.2,ok,conditional_target_shuffle,3,427269,False
stable_sleep,0,lag_0,RNG_next,C2_RNG_next_given_RNG,D2_RNG_next_given_RNG_MCEEG,True,False,0.0,0.8,0.8,-1265.7553575697605,-1267.1832381483748,-1.4278805786143494,2546.5282894807897,2669.554226311554,-123.0259368307643,2535.510715139521,2570.3664762967496,-34.8557611572287,10,4,0.4,ok,conditional_target_shuffle,3,427269,False
full,0,lag_0,MCEEG_next,D0_MCEEG_next_given_MCEEG,D1_MCEEG_next_given_MCEEG_RNG,True,False,0.0,0.0,0.0,-15983.294039885155,-16007.359769502254,-24.06572961709753,32616.12576017654,33313.79489981696,-697.6691396404203,32110.588079770318,32302.71953900451,-192.13145923419503,10,0,0.0,ok,conditional_target_shuffle,4,428278,True
full,0,lag_0,RNG_next,C2_RNG_next_given_RNG,D2_RNG_next_given_RNG_MCEEG,True,False,0.0,0.0,0.0,-5738.850991726084,-5746.056772959526,-7.205781233442394,11495.744696796784,11654.497966020608,-158.75326922382374,11481.701983452169,11528.113545919052,-46.41156246688479,10,2,0.2,ok,conditional_target_shuffle,4,428278,True
no_wake,0,lag_0,MCEEG_next,D0_MCEEG_next_given_MCEEG,D1_MCEEG_next_given_MCEEG_RNG,True,False,0.8,0.0,-0.8,-4547.650249945979,-4588.1149188608815,-40.46466891490218,9664.22632122541,10314.081480388664,-649.8551591632549,9239.30049989196,9464.229837721765,-224.92933782980435,10,0,0.0,ok,conditional_target_shuffle,4,428278,True
no_wake,0,lag_0,RNG_next,C2_RNG_next_given_RNG,D2_RNG_next_given_RNG_MCEEG,True,False,0.8,0.0,-0.8,-1869.605491129384,-1873.9542691800496,-4.348778050665942,3755.010031202832,3890.126665295963,-135.11663409313087,3743.210982258768,3783.9085383601,-40.69755610133189,10,2,0.2,ok,conditional_target_shuffle,4,428278,True
stable_sleep,0,lag_0,MCEEG_next,D0_MCEEG_next_given_MCEEG,D1_MCEEG_next_given_MCEEG_RNG,True,False,0.0,0.0,0.0,-3256.97943726594,-3304.8784294833217,-47.898992217381874,7054.749272676894,7691.337655256673,-636.5883825797791,6657.95887453188,6897.756858966643,-239.79798443476372,10,1,0.1,ok,conditional_target_shuffle,4,428278,True
stable_sleep,0,lag_0,RNG_next,C2_RNG_next_given_RNG,D2_RNG_next_given_RNG_MCEEG,True,False,0.8,0.0,-0.8,-1264.2748528431669,-1275.6765845427792,-11.401731699612355,2543.5672800276025,2686.5409191003628,-142.9736390727603,2532.5497056863337,2587.3531690855584,-54.80346339922471,10,3,0.3,ok,conditional_target_shuffle,4,428278,True
full,0,lag_0,MCEEG_next,D0_MCEEG_next_given_MCEEG,D1_MCEEG_next_given_MCEEG_RNG,True,False,0.0,0.0,0.0,-16096.478554970088,-16116.559985066267,-20.081430096179247,32842.4947903464,33532.19533094498,-689.7005405985838,32336.957109940176,32521.11997013253,-184.1628601923585,10,0,0.0,ok,conditional_target_shuffle,5,429287,True
full,0,lag_0,RNG_next,C2_RNG_next_given_RNG,D2_RNG_next_given_RNG_MCEEG,True,False,0.8,0.0,-0.8,-5738.602813524059,-5741.207630590686,-2.60481706662722,11495.248340392734,11644.799681282928,-149.5513408901934,11481.205627048115,11518.415261181372,-37.20963413325444,10,0,0.0,ok,conditional_target_shuffle,5,429287,True
no_wake,0,lag_0,MCEEG_next,D0_MCEEG_next_given_MCEEG,D1_MCEEG_next_given_MCEEG_RNG,True,False,0.0,0.0,0.0,-4492.448040516253,-4536.04713047544,-43.59908995918704,9553.821902365957,10209.94590361778,-656.1240012518247,9128.896081032506,9360.09426095088,-231.19817991837408,10,1,0.1,ok,conditional_target_shuffle,5,429287,True
no_wake,0,lag_0,RNG_next,C2_RNG_next_given_RNG,D2_RNG_next_given_RNG_MCEEG,True,False,0.8,0.0,-0.8,-1869.762201743746,-1876.0704258992928,-6.308224155546895,3755.323452431556,3894.358978734449,-139.03552630289278,3743.524403487492,3788.1408517985856,-44.61644831109379,10,0,0.0,ok,conditional_target_shuffle,5,429287,True
stable_sleep,0,lag_0,MCEEG_next,D0_MCEEG_next_given_MCEEG,D1_MCEEG_next_given_MCEEG_RNG,True,False,0.8,0.0,-0.8,-3241.339161787369,-3380.084636450872,-138.7454746635026,7023.4687217197525,7841.750069191773,-818.2813474720206,6626.678323574738,7048.169272901743,-421.4909493270052,10,1,0.1,ok,conditional_target_shuffle,5,429287,False
stable_sleep,0,lag_0,RNG_next,C2_RNG_next_given_RNG,D2_RNG_next_given_RNG_MCEEG,True,False,0.0,0.8,0.8,-1265.2661895950102,-1269.7060686108964,-4.439879015886163,2545.549953531289,2674.599887236597,-129.04993370530792,2534.5323791900205,2575.412137221793,-40.879758031772326,10,3,0.3,ok,conditional_target_shuffle,5,429287,False
full,0,lag_0,MCEEG_next,D0_MCEEG_next_given_MCEEG,D1_MCEEG_next_given_MCEEG_RNG,True,False,0.0,0.0,0.0,-15987.54485217732,-16020.332678916711,-32.78782673939168,32624.627384760865,33339.74071864587,-715.1133338850086,32119.08970435464,32328.665357833423,-209.57565347878332,10,1,0.1,ok,conditional_target_shuffle,6,430296,True
full,0,lag_0,RNG_next,C2_RNG_next_given_RNG,D2_RNG_next_given_RNG_MCEEG,True,False,0.8,0.0,-0.8,-5737.6798245148775,-5741.079138516677,-3.399314001799212,11493.402362374372,11644.54269713491,-151.14033476053737,11479.359649029757,11518.158277033352,-38.79862800359842,10,0,0.0,ok,conditional_target_shuffle,6,430296,True
no_wake,0,lag_0,MCEEG_next,D0_MCEEG_next_given_MCEEG,D1_MCEEG_next_given_MCEEG_RNG,True,False,0.8,0.0,-0.8,-4627.110589023268,-4690.18842777303,-63.07783874976212,9823.146999379986,10518.22849821296,-695.0814988329748,9398.221178046537,9668.37685554606,-270.15567749952424,10,1,0.1,ok,conditional_target_shuffle,6,430296,True
no_wake,0,lag_0,RNG_next,C2_RNG_next_given_RNG,D2_RNG_next_given_RNG_MCEEG,True,False,0.8,0.0,-0.8,-1869.394983349204,-1882.516786430637,-13.121803081433429,3754.589015642472,3907.2516997971375,-152.66268415466584,3742.789966698407,3801.033572861274,-58.24360616286685,10,4,0.4,ok,conditional_target_shuffle,6,430296,True
stable_sleep,0,lag_0,MCEEG_next,D0_MCEEG_next_given_MCEEG,D1_MCEEG_next_given_MCEEG_RNG,True,False,0.8,0.8,0.0,-3270.0926773977862,-3398.42069016008,-128.32801276229384,7080.975752940587,7878.42217661019,-797.4464236696031,6684.1853547955725,7084.84138032016,-400.6560255245877,10,1,0.1,ok,conditional_target_shuffle,6,430296,True
stable_sleep,0,lag_0,RNG_next,C2_RNG_next_given_RNG,D2_RNG_next_given_RNG_MCEEG,True,False,0.8,0.8,0.0,-1263.9877537768211,-1272.14229354015,-8.154539763329012,2542.993081894911,2679.472337095104,-136.47925520019317,2531.9755075536423,2580.2845870803003,-48.30907952665802,10,5,0.5,ok,conditional_target_shuffle,6,430296,True
full,0,lag_0,MCEEG_next,D0_MCEEG_next_given_MCEEG,D1_MCEEG_next_given_MCEEG_RNG,True,False,0.0,0.0,0.0,-16035.176363983792,-16058.625746271708,-23.4493822879158,32719.89040837381,33416.326853355866,-696.4364449820569,32214.352727967584,32405.25149254341,-190.8987645758316,10,1,0.1,ok,conditional_target_shuffle,7,431305,True
full,0,lag_0,RNG_next,C2_RNG_next_given_RNG,D2_RNG_next_given_RNG_MCEEG,True,False,0.0,0.0,0.0,-5737.727495450825,-5740.367212766194,-2.6397173153691256,11493.497704246269,11643.118845633944,-149.6211413876772,11479.45499090165,11516.734425532388,-37.27943463073825,10,1,0.1,ok,conditional_target_shuffle,7,431305,True
no_wake,0,lag_0,MCEEG_next,D0_MCEEG_next_given_MCEEG,D1_MCEEG_next_given_MCEEG_RNG,True,False,0.0,0.0,0.0,-4534.700843832886,-4586.389976241008,-51.68913240812253,9638.327508999222,10310.631595148918,-672.3040861496956,9213.401687665772,9460.779952482017,-247.37826481624504,10,1,0.1,ok,conditional_target_shuffle,7,431305,True
no_wake,0,lag_0,RNG_next,C2_RNG_next_given_RNG,D2_RNG_next_given_RNG_MCEEG,True,False,0.0,0.0,0.0,-1867.7849896123112,-1871.1063123338065,-3.321322721495335,3751.369028168687,3884.430751603477,-133.06172343478966,3739.5699792246223,3778.212624667613,-38.64264544299067,10,0,0.0,ok,conditional_target_shuffle,7,431305,True
stable_sleep,0,lag_0,MCEEG_next,D0_MCEEG_next_given_MCEEG,D1_MCEEG_next_given_MCEEG_RNG,True,False,0.0,0.0,0.0,-3276.1564669099007,-3351.676192348872,-75.51972543897136,7093.103331964816,7784.933180987774,-691.8298490229581,6696.312933819801,6991.352384697744,-295.0394508779427,10,0,0.0,ok,conditional_target_shuffle,7,431305,False
stable_sleep,0,lag_0,RNG_next,C2_RNG_next_given_RNG,D2_RNG_next_given_RNG_MCEEG,True,False,0.0,0.8,0.8,-1263.2551668234448,-1265.234729078384,-1.9795622549390828,2541.5279079881584,2665.657208171572,-124.12930018341376,2530.5103336468896,2566.469458156768,-35.959124509878166,10,2,0.2,ok,conditional_target_shuffle,7,431305,False
full,0,lag_0,MCEEG_next,D0_MCEEG_next_given_MCEEG,D1_MCEEG_next_given_MCEEG_RNG,True,False,0.0,0.0,0.0,-15893.667447493564,-15905.261109026502,-11.593661532939224,32436.87257539335,33109.597578865454,-672.7250034721037,31931.334894987125,32098.522218053004,-167.18732306587845,10,0,0.0,ok,conditional_target_shuffle,8,432314,True
full,0,lag_0,RNG_next,C2_RNG_next_given_RNG,D2_RNG_next_given_RNG_MCEEG,True,False,0.0,0.0,0.0,-5739.949823026737,-5741.980598830508,-2.0307758037706662,11497.942359398092,11646.345617762572,-148.40325836448028,11483.899646053474,11519.961197661016,-36.06155160754133,10,1,0.1,ok,conditional_target_shuffle,8,432314,True
no_wake,0,lag_0,MCEEG_next,D0_MCEEG_next_given_MCEEG,D1_MCEEG_next_given_MCEEG_RNG,True,False,0.0,0.0,0.0,-4495.436318744507,-4528.800019343354,-33.36370059884666,9559.798458822464,10195.451681353608,-635.6532225311439,9134.872637489014,9345.600038686707,-210.72740119769333,10,2,0.2,ok,conditional_target_shuffle,8,432314,True
no_wake,0,lag_0,RNG_next,C2_RNG_next_given_RNG,D2_RNG_next_given_RNG_MCEEG,True,False,0.8,0.8,0.0,-1867.967141039374,-1875.0338758734165,-7.066734834042336,3751.733331022812,3892.285878682696,-140.55254765988366,3739.934282078748,3786.067751746833,-46.13346966808467,10,1,0.1,ok,conditional_target_shuffle,8,432314,True
stable_sleep,0,lag_0,MCEEG_next,D0_MCEEG_next_given_MCEEG,D1_MCEEG_next_given_MCEEG_RNG,True,False,0.8,0.8,0.0,-3237.758168226606,-3299.7013430673,-61.94317484069416,7016.306734598226,7680.98348242463,-664.6767478264037,6619.516336453212,6887.4026861346,-267.8863496813883,10,0,0.0,ok,conditional_target_shuffle,8,432314,False
stable_sleep,0,lag_0,RNG_next,C2_RNG_next_given_RNG,D2_RNG_next_given_RNG_MCEEG,True,False,0.0,0.0,0.0,-1264.5269186211567,-1272.8035227356147,-8.276604114457996,2544.071411583582,2680.7947954860338,-136.7233839024516,2533.0538372423134,2581.6070454712294,-48.55320822891599,10,2,0.2,ok,conditional_target_shuffle,8,432314,False
full,0,lag_0,MCEEG_next,D0_MCEEG_next_given_MCEEG,D1_MCEEG_next_given_MCEEG_RNG,True,False,0.8,0.8,0.0,-16030.376742452308,-16089.06847146577,-58.691729013462464,32710.29116531084,33477.21230374399,-766.9211384331502,32204.753484904613,32466.13694293154,-261.3834580269249,10,0,0.0,ok,conditional_target_shuffle,9,433323,True
full,0,lag_0,RNG_next,C2_RNG_next_given_RNG,D2_RNG_next_given_RNG_MCEEG,True,False,0.0,0.0,0.0,-5737.618799025082,-5736.8456637049085,0.7731353201734237,11493.28031139478,11636.075747511371,-142.7954361165921,11479.237598050164,11509.691327409815,-30.453729359653156,10,0,0.0,ok,conditional_target_shuffle,9,433323,True
no_wake,0,lag_0,MCEEG_next,D0_MCEEG_next_given_MCEEG,D1_MCEEG_next_given_MCEEG_RNG,True,False,0.0,0.0,0.0,-4499.450138489194,-4597.578229279924,-98.12809079073033,9567.826098311838,10333.00810122675,-765.1820029149112,9142.900276978387,9483.156458559848,-340.2561815814606,10,1,0.1,ok,conditional_target_shuffle,9,433323,True
no_wake,0,lag_0,RNG_next,C2_RNG_next_given_RNG,D2_RNG_next_given_RNG_MCEEG,True,False,0.8,0.0,-0.8,-1868.5680226741397,-1878.5292880391764,-9.96126536503698,3752.935094292344,3899.276703014216,-146.34160872187294,3741.136045348279,3793.058576078353,-51.92253073007396,10,1,0.1,ok,conditional_target_shuffle,9,433323,True
stable_sleep,0,lag_0,MCEEG_next,D0_MCEEG_next_given_MCEEG,D1_MCEEG_next_given_MCEEG_RNG,True,False,0.8,0.0,-0.8,-3242.178669709744,-3297.082341270408,-54.90367156066441,7025.147737564502,7675.745478830846,-650.5977412663442,6628.357339419487,6882.164682540816,-253.8073431213288,10,1,0.1,ok,conditional_target_shuffle,9,433323,True
stable_sleep,0,lag_0,RNG_next,C2_RNG_next_given_RNG,D2_RNG_next_given_RNG_MCEEG,True,False,0.8,0.0,-0.8,-1265.1060212892196,-1267.0251341135047,-1.9191128242850937,2545.229616919708,2669.2380182418137,-124.00840132210578,2534.212042578439,2570.0502682270094,-35.83822564857019,10,2,0.2,ok,conditional_target_shuffle,9,433323,True
full,0,lag_0,MCEEG_next,D0_MCEEG_next_given_MCEEG,D1_MCEEG_next_given_MCEEG_RNG,True,False,0.0,0.0,0.0,-16005.435635051434,-16036.658120235774,-31.222485184340258,32660.40895050909,33372.391601284,-711.9826507749058,32154.871270102867,32361.316240471548,-206.4449703686805,10,1,0.1,ok,conditional_target_shuffle,10,434332,True
full,0,lag_0,RNG_next,C2_RNG_next_given_RNG,D2_RNG_next_given_RNG_MCEEG,True,False,0.8,0.0,-0.8,-5739.307064200048,-5744.563815101678,-5.256750901629857,11496.656841744714,11651.512050304911,-154.85520856019866,11482.614128400097,11525.127630203357,-42.51350180325972,10,2,0.2,ok,conditional_target_shuffle,10,434332,True
no_wake,0,lag_0,MCEEG_next,D0_MCEEG_next_given_MCEEG,D1_MCEEG_next_given_MCEEG_RNG,True,False,0.0,0.0,0.0,-4444.693925159088,-4521.245634312914,-76.55170915382678,9458.313671651626,10180.34291129273,-722.0292396411041,9033.387850318177,9330.491268625829,-297.1034183076536,10,1,0.1,ok,conditional_target_shuffle,10,434332,False
no_wake,0,lag_0,RNG_next,C2_RNG_next_given_RNG,D2_RNG_next_given_RNG_MCEEG,True,False,0.0,0.0,0.0,-1868.623316090824,-1878.607173549592,-9.983857458767943,3753.0456811257127,3899.432474035048,-146.38679290933487,3741.246632181648,3793.214347099184,-51.967714917535886,10,2,0.2,ok,conditional_target_shuffle,10,434332,False
stable_sleep,0,lag_0,MCEEG_next,D0_MCEEG_next_given_MCEEG,D1_MCEEG_next_given_MCEEG_RNG,True,False,0.8,0.8,0.0,-3238.262547276218,-3437.37691436396,-199.11436708774227,7017.31549269745,7956.33462501795,-939.0191323205,6620.525094552436,7162.75382872792,-542.2287341754845,10,1,0.1,ok,conditional_target_shuffle,10,434332,True
stable_sleep,0,lag_0,RNG_next,C2_RNG_next_given_RNG,D2_RNG_next_given_RNG_MCEEG,True,False,0.8,0.0,-0.8,-1265.214410760322,-1274.556395582313,-9.341984821990993,2545.4463958619126,2684.30054117943,-138.85414531751758,2534.428821520644,2585.112791164626,-50.68396964398198,10,3,0.3,ok,conditional_target_shuffle,10,434332,True
full,0,lag_0,MCEEG_next,D0_MCEEG_next_given_MCEEG,D1_MCEEG_next_given_MCEEG_RNG,True,False,0.0,0.0,0.0,-15909.876684525338,-15930.206871431836,-20.330186906499875,32469.2910494569,33159.489103676126,-690.198054219225,31963.753369050675,32148.413742863675,-184.66037381299972,10,0,0.0,ok,conditional_target_shuffle,11,435341,True
full,0,lag_0,RNG_next,C2_RNG_next_given_RNG,D2_RNG_next_given_RNG_MCEEG,True,False,0.0,0.0,0.0,-5737.646614887896,-5742.167111498855,-4.520496610958617,11493.33594312041,11646.718643099266,-153.38269997885618,11479.293229775792,11520.33422299771,-41.04099322191723,10,1,0.1,ok,conditional_target_shuffle,11,435341,True
no_wake,0,lag_0,MCEEG_next,D0_MCEEG_next_given_MCEEG,D1_MCEEG_next_given_MCEEG_RNG,True,False,0.8,0.0,-0.8,-4433.343791468902,-4497.186984555567,-63.84319308666454,9435.613404271257,10132.225611778034,-696.6122075067797,9010.687582937804,9282.373969111131,-271.6863861733291,10,0,0.0,ok,conditional_target_shuffle,11,435341,True
no_wake,0,lag_0,RNG_next,C2_RNG_next_given_RNG,D2_RNG_next_given_RNG_MCEEG,True,False,0.8,0.0,-0.8,-1868.0453018562475,-1877.8796462285952,-9.834344372347914,3751.889652656559,3897.977419393054,-146.0877667364948,3740.090603712495,3791.7592924571904,-51.66868874469583,10,1,0.1,ok,conditional_target_shuffle,11,435341,True
stable_sleep,0,lag_0,MCEEG_next,D0_MCEEG_next_given_MCEEG,D1_MCEEG_next_given_MCEEG_RNG,True,False,0.8,0.8,0.0,-3203.968363851915,-3331.5782093838807,-127.60984553196568,6948.7271258488445,7744.737215057791,-796.0100892089467,6551.93672770383,6951.156418767761,-399.21969106393135,10,0,0.0,ok,conditional_target_shuffle,11,435341,True
stable_sleep,0,lag_0,RNG_next,C2_RNG_next_given_RNG,D2_RNG_next_given_RNG_MCEEG,True,False,0.0,0.0,0.0,-1264.588084631191,-1270.035149568396,-5.447064937205141,2544.1937436036505,2675.2580491515964,-131.06430554794588,2533.176169262382,2576.070299136792,-42.89412987441028,10,3,0.3,ok,conditional_target_shuffle,11,435341,True
full,0,lag_0,MCEEG_next,D0_MCEEG_next_given_MCEEG,D1_MCEEG_next_given_MCEEG_RNG,True,False,0.0,0.0,0.0,-11561.514720373229,-11698.68530818403,-137.17058781080414,23772.627979696423,24696.567694268,-923.939714571574,23267.029440746453,23685.37061636806,-418.3411756216083,10,0,0.0,ok,stage_preserving_rng_shuffle,0,424242,True
full,0,lag_0,RNG_next,C2_RNG_next_given_RNG,D2_RNG_next_given_RNG_MCEEG,True,False,0.0,0.0,0.0,-5744.334069325397,-5746.68238885597,-2.3483195305734625,11506.712542510517,11655.764412449433,-149.05186993891766,11492.668138650792,11529.36477771194,-36.696639061146925,10,1,0.1,ok,stage_preserving_rng_shuffle,0,424242,True
no_wake,0,lag_0,MCEEG_next,D0_MCEEG_next_given_MCEEG,D1_MCEEG_next_given_MCEEG_RNG,True,False,0.8,0.8,0.0,-3314.352501537434,-3416.254169826948,-101.90166828951396,7197.630824408318,7970.359982320797,-772.7291579124785,6772.705003074868,7120.508339653896,-347.8033365790279,10,1,0.1,ok,stage_preserving_rng_shuffle,0,424242,True
no_wake,0,lag_0,RNG_next,C2_RNG_next_given_RNG,D2_RNG_next_given_RNG_MCEEG,True,False,0.8,0.0,-0.8,-1871.31010406512,-1878.213412959496,-6.903308894376096,3758.4222222342246,3898.644952854856,-140.22273062063095,3746.62020813024,3792.426825918992,-45.80661778875219,10,1,0.1,ok,stage_preserving_rng_shuffle,0,424242,True
stable_sleep,0,lag_0,MCEEG_next,D0_MCEEG_next_given_MCEEG,D1_MCEEG_next_given_MCEEG_RNG,True,False,0.8,0.8,0.0,-2596.00454148805,-2676.5659979521497,-80.56145646409959,5732.799481121115,6434.712792194329,-701.9133110732146,5336.0090829761,5641.131995904299,-305.1229129281992,10,2,0.2,ok,stage_preserving_rng_shuffle,0,424242,False
stable_sleep,0,lag_0,RNG_next,C2_RNG_next_given_RNG,D2_RNG_next_given_RNG_MCEEG,True,False,0.0,0.0,0.0,-1267.0150879574835,-1272.289234954114,-5.274146996630407,2549.0510370277234,2679.7662199230326,-130.71518289530923,2538.0301759149675,2580.5784699082283,-42.54829399326081,10,7,0.7,ok,stage_preserving_rng_shuffle,0,424242,False
full,0,lag_0,MCEEG_next,D0_MCEEG_next_given_MCEEG,D1_MCEEG_next_given_MCEEG_RNG,True,False,0.0,0.0,0.0,-11561.514720373229,-11777.177212468869,-215.6624920956401,23772.627979696423,24853.55150283767,-1080.9235231412458,23267.029440746453,23842.354424937734,-575.3249841912802,10,0,0.0,ok,stage_preserving_rng_shuffle,1,425251,False
full,0,lag_0,RNG_next,C2_RNG_next_given_RNG,D2_RNG_next_given_RNG_MCEEG,True,False,0.0,0.0,0.0,-5745.749348440919,-5749.09471393497,-3.3453654940512934,11509.54310074156,11660.589062607432,-151.04596186587332,11495.498696881838,11534.18942786994,-38.69073098810259,10,3,0.3,ok,stage_preserving_rng_shuffle,1,425251,False
no_wake,0,lag_0,MCEEG_next,D0_MCEEG_next_given_MCEEG,D1_MCEEG_next_given_MCEEG_RNG,True,False,0.8,0.8,0.0,-3314.352501537434,-3433.900498287377,-119.5479967499432,7197.630824408318,8005.6526392416545,-808.0218148333361,6772.705003074868,7155.800996574754,-383.0959934998864,10,1,0.1,ok,stage_preserving_rng_shuffle,1,425251,True
no_wake,0,lag_0,RNG_next,C2_RNG_next_given_RNG,D2_RNG_next_given_RNG_MCEEG,True,False,0.0,0.0,0.0,-1870.537024046359,-1874.5181434852416,-3.9811194388828426,3756.876062196703,3891.254413906347,-134.37835170964445,3745.074048092718,3785.036286970484,-39.962238877765685,10,1,0.1,ok,stage_preserving_rng_shuffle,1,425251,True
stable_sleep,0,lag_0,MCEEG_next,D0_MCEEG_next_given_MCEEG,D1_MCEEG_next_given_MCEEG_RNG,True,False,0.8,0.8,0.0,-2596.00454148805,-2709.02500901448,-113.02046752642946,5732.799481121115,6499.630814318989,-766.8313331978743,5336.0090829761,5706.050018028959,-370.0409350528589,10,1,0.1,ok,stage_preserving_rng_shuffle,1,425251,True
stable_sleep,0,lag_0,RNG_next,C2_RNG_next_given_RNG,D2_RNG_next_given_RNG_MCEEG,True,False,0.0,0.0,0.0,-1266.7084714445011,-1271.0165985952956,-4.308127150794462,2548.437804001758,2677.2209472053955,-128.78314320363734,2537.4169428890023,2578.033197190591,-40.61625430158893,10,5,0.5,ok,stage_preserving_rng_shuffle,1,425251,True
full,0,lag_0,MCEEG_next,D0_MCEEG_next_given_MCEEG,D1_MCEEG_next_given_MCEEG_RNG,True,False,0.0,0.0,0.0,-11561.514720373229,-11694.255909873284,-132.74118950005868,23772.627979696423,24687.708897646506,-915.080917950083,23267.029440746453,23676.51181974657,-409.48237900011736,10,0,0.0,ok,stage_preserving_rng_shuffle,2,426260,True
full,0,lag_0,RNG_next,C2_RNG_next_given_RNG,D2_RNG_next_given_RNG_MCEEG,True,False,0.8,0.8,0.0,-5744.518233060927,-5749.070611769683,-4.552378708755896,11507.080869981575,11660.540858276858,-153.45998829528253,11493.036466121854,11534.141223539364,-41.10475741751179,10,2,0.2,ok,stage_preserving_rng_shuffle,2,426260,True
no_wake,0,lag_0,MCEEG_next,D0_MCEEG_next_given_MCEEG,D1_MCEEG_next_given_MCEEG_RNG,True,False,0.8,0.8,0.0,-3314.352501537434,-3418.588747412989,-104.2362458755556,7197.630824408318,7975.02913749288,-777.3983130845618,6772.705003074868,7125.177494825979,-352.4724917511112,10,1,0.1,ok,stage_preserving_rng_shuffle,2,426260,True
no_wake,0,lag_0,RNG_next,C2_RNG_next_given_RNG,D2_RNG_next_given_RNG_MCEEG,True,False,0.0,0.0,0.0,-1869.3201410387549,-1874.90708890736,-5.586947868604966,3754.4422961814944,3892.032304750583,-137.5900085690887,3742.6402820775097,3785.81417781472,-43.17389573720993,10,1,0.1,ok,stage_preserving_rng_shuffle,2,426260,True
stable_sleep,0,lag_0,MCEEG_next,D0_MCEEG_next_given_MCEEG,D1_MCEEG_next_given_MCEEG_RNG,True,False,0.8,0.8,0.0,-2596.00454148805,-2683.69883321242,-87.69429172436958,5732.799481121115,6448.978462714869,-716.1789815937545,5336.0090829761,5655.397666424839,-319.38858344873915,10,0,0.0,ok,stage_preserving_rng_shuffle,2,426260,False
stable_sleep,0,lag_0,RNG_next,C2_RNG_next_given_RNG,D2_RNG_next_given_RNG_MCEEG,True,False,0.0,0.0,0.0,-1267.6691602626263,-1270.8373773661096,-3.16821710348313,2550.359181638009,2676.862504747023,-126.50332310901422,2539.338320525253,2577.6747547322198,-38.33643420696626,10,3,0.3,ok,stage_preserving_rng_shuffle,2,426260,False
full,0,lag_0,MCEEG_next,D0_MCEEG_next_given_MCEEG,D1_MCEEG_next_given_MCEEG_RNG,True,False,0.0,0.0,0.0,-11561.514720373229,-11715.878221281626,-154.36350090839915,23772.627979696423,24730.953520463187,-958.325540766764,23267.029440746453,23719.75644256325,-452.7270018167983,10,0,0.0,ok,stage_preserving_rng_shuffle,3,427269,True
full,0,lag_0,RNG_next,C2_RNG_next_given_RNG,D2_RNG_next_given_RNG_MCEEG,True,False,0.0,0.0,0.0,-5745.2237583571,-5749.3295717611145,-4.1058134040149525,11508.49192057392,11661.05877825972,-152.56685768580064,11494.4475167142,11534.659143522227,-40.21162680802991,10,1,0.1,ok,stage_preserving_rng_shuffle,3,427269,True
no_wake,0,lag_0,MCEEG_next,D0_MCEEG_next_given_MCEEG,D1_MCEEG_next_given_MCEEG_RNG,True,False,0.8,0.8,0.0,-3314.352501537434,-3413.092438814742,-98.73993727730794,7197.630824408318,7964.036520296384,-766.4056958880656,6772.705003074868,7114.184877629484,-341.4798745546159,10,1,0.1,ok,stage_preserving_rng_shuffle,3,427269,True
no_wake,0,lag_0,RNG_next,C2_RNG_next_given_RNG,D2_RNG_next_given_RNG_MCEEG,True,False,0.8,0.0,-0.8,-1871.390288806508,-1875.1510512966236,-3.76076249011544,3758.582591717001,3892.52022952911,-133.93763781210964,3746.780577613016,3786.302102593247,-39.52152498023088,10,1,0.1,ok,stage_preserving_rng_shuffle,3,427269,True
stable_sleep,0,lag_0,MCEEG_next,D0_MCEEG_next_given_MCEEG,D1_MCEEG_next_given_MCEEG_RNG,True,False,0.8,0.8,0.0,-2596.00454148805,-2643.420906917333,-47.41636542928336,5732.799481121115,6368.422610124697,-635.6231290035821,5336.0090829761,5574.841813834667,-238.83273085856672,10,0,0.0,ok,stage_preserving_rng_shuffle,3,427269,False
stable_sleep,0,lag_0,RNG_next,C2_RNG_next_given_RNG,D2_RNG_next_given_RNG_MCEEG,True,False,0.0,0.0,0.0,-1266.8569585630323,-1270.2154335658888,-3.3584750028562667,2548.734778238821,2675.618617146581,-126.88383890776048,2537.713917126065,2576.4308671317776,-38.71695000571253,10,2,0.2,ok,stage_preserving_rng_shuffle,3,427269,False
full,0,lag_0,MCEEG_next,D0_MCEEG_next_given_MCEEG,D1_MCEEG_next_given_MCEEG_RNG,True,False,0.0,0.0,0.0,-11561.514720373229,-11626.04052225821,-64.5258018849836,23772.627979696423,24551.278122416355,-778.6501427199328,23267.029440746453,23540.08104451642,-273.0516037699672,10,0,0.0,ok,stage_preserving_rng_shuffle,4,428278,True
full,0,lag_0,RNG_next,C2_RNG_next_given_RNG,D2_RNG_next_given_RNG_MCEEG,True,False,0.8,0.0,-0.8,-5744.420949305148,-5753.141694489239,-8.720745184091356,11506.886302470017,11668.68302371597,-161.79672124595345,11492.841898610295,11542.283388978478,-49.44149036818271,10,1,0.1,ok,stage_preserving_rng_shuffle,4,428278,True
no_wake,0,lag_0,MCEEG_next,D0_MCEEG_next_given_MCEEG,D1_MCEEG_next_given_MCEEG_RNG,True,False,0.8,0.8,0.0,-3314.352501537434,-3404.8116219680837,-90.45912043064936,7197.630824408318,7947.474886603068,-749.8440621947493,6772.705003074868,7097.623243936167,-324.9182408612987,10,1,0.1,ok,stage_preserving_rng_shuffle,4,428278,True
no_wake,0,lag_0,RNG_next,C2_RNG_next_given_RNG,D2_RNG_next_given_RNG_MCEEG,True,False,0.0,0.0,0.0,-1870.8812640004687,-1874.1809982482505,-3.299734247781771,3757.564542104922,3890.580123432365,-133.0155813274423,3745.7625280009374,3784.361996496501,-38.59946849556354,10,4,0.4,ok,stage_preserving_rng_shuffle,4,428278,True
stable_sleep,0,lag_0,MCEEG_next,D0_MCEEG_next_given_MCEEG,D1_MCEEG_next_given_MCEEG_RNG,True,False,0.8,0.8,0.0,-2596.00454148805,-2650.5399993848314,-54.53545789678128,5732.799481121115,6382.660795059693,-649.861313938578,5336.0090829761,5589.079998769663,-253.07091579356256,10,1,0.1,ok,stage_preserving_rng_shuffle,4,428278,True
stable_sleep,0,lag_0,RNG_next,C2_RNG_next_given_RNG,D2_RNG_next_given_RNG_MCEEG,True,False,0.8,0.0,-0.8,-1267.9889821425409,-1270.7646648555224,-2.7756827129815065,2550.9988253978377,2676.7170797258486,-125.71825432801096,2539.9779642850817,2577.5293297110447,-37.55136542596301,10,3,0.3,ok,stage_preserving_rng_shuffle,4,428278,True
full,0,lag_0,MCEEG_next,D0_MCEEG_next_given_MCEEG,D1_MCEEG_next_given_MCEEG_RNG,True,False,0.0,0.0,0.0,-11561.514720373229,-11647.53103114109,-86.01631076786362,23772.627979696423,24594.25914018212,-821.6311604856928,23267.029440746453,23583.06206228218,-316.03262153572723,10,0,0.0,ok,stage_preserving_rng_shuffle,5,429287,True
full,0,lag_0,RNG_next,C2_RNG_next_given_RNG,D2_RNG_next_given_RNG_MCEEG,True,False,0.8,0.8,0.0,-5744.412680671361,-5750.236428491354,-5.8237478199926045,11506.869765202444,11662.8724917202,-156.00272651775597,11492.825361342722,11536.472856982708,-43.64749563998521,10,0,0.0,ok,stage_preserving_rng_shuffle,5,429287,True
no_wake,0,lag_0,MCEEG_next,D0_MCEEG_next_given_MCEEG,D1_MCEEG_next_given_MCEEG_RNG,True,False,0.8,0.8,0.0,-3314.352501537434,-3399.161110480295,-84.80860894286116,7197.630824408318,7936.173863627491,-738.5430392191729,6772.705003074868,7086.32222096059,-313.6172178857223,10,1,0.1,ok,stage_preserving_rng_shuffle,5,429287,True
no_wake,0,lag_0,RNG_next,C2_RNG_next_given_RNG,D2_RNG_next_given_RNG_MCEEG,True,False,0.0,0.0,0.0,-1869.3303105356545,-1872.6888914184576,-3.3585808828033805,3754.4626351752936,3887.595909772779,-133.13327459748552,3742.660621071309,3781.377782836916,-38.71716176560676,10,1,0.1,ok,stage_preserving_rng_shuffle,5,429287,True
stable_sleep,0,lag_0,MCEEG_next,D0_MCEEG_next_given_MCEEG,D1_MCEEG_next_given_MCEEG_RNG,True,False,0.8,0.8,0.0,-2596.00454148805,-2701.6798645265444,-105.6753230384943,5732.799481121115,6484.940525343119,-752.141044222004,5336.0090829761,5691.359729053089,-355.3506460769886,10,0,0.0,ok,stage_preserving_rng_shuffle,5,429287,False
stable_sleep,0,lag_0,RNG_next,C2_RNG_next_given_RNG,D2_RNG_next_given_RNG_MCEEG,True,False,0.0,0.0,0.0,-1266.6092692922316,-1272.774660127503,-6.16539083527141,2548.239399697219,2680.73707026981,-132.49767057259078,2537.218538584463,2581.549320255006,-44.33078167054282,10,5,0.5,ok,stage_preserving_rng_shuffle,5,429287,False
full,0,lag_0,MCEEG_next,D0_MCEEG_next_given_MCEEG,D1_MCEEG_next_given_MCEEG_RNG,True,False,0.0,0.0,0.0,-11561.514720373229,-11720.284065905073,-158.76934553184583,23772.627979696423,24739.76520971008,-967.1372300136572,23267.029440746453,23728.568131810145,-461.53869106369166,10,0,0.0,ok,stage_preserving_rng_shuffle,6,430296,True
full,0,lag_0,RNG_next,C2_RNG_next_given_RNG,D2_RNG_next_given_RNG_MCEEG,True,False,0.8,0.0,-0.8,-5745.244866344374,-5755.544139966963,-10.299273622588773,11508.53413654847,11673.487914671416,-164.95377812294828,11494.489732688748,11547.088279933923,-52.59854724517754,10,0,0.0,ok,stage_preserving_rng_shuffle,6,430296,True
no_wake,0,lag_0,MCEEG_next,D0_MCEEG_next_given_MCEEG,D1_MCEEG_next_given_MCEEG_RNG,True,False,0.8,0.8,0.0,-3314.352501537434,-3468.014691361941,-153.6621898245071,7197.630824408318,8073.881025390783,-876.2502009824648,6772.705003074868,7224.029382723882,-451.3243796490142,10,0,0.0,ok,stage_preserving_rng_shuffle,6,430296,True
no_wake,0,lag_0,RNG_next,C2_RNG_next_given_RNG,D2_RNG_next_given_RNG_MCEEG,True,False,0.0,0.0,0.0,-1869.6437589855584,-1879.884875458787,-10.24111647322843,3755.089532075102,3901.9878778534376,-146.89834577833562,3743.287517971117,3795.769750917574,-52.48223294645686,10,2,0.2,ok,stage_preserving_rng_shuffle,6,430296,True
stable_sleep,0,lag_0,MCEEG_next,D0_MCEEG_next_given_MCEEG,D1_MCEEG_next_given_MCEEG_RNG,True,False,0.8,0.0,-0.8,-2596.00454148805,-2696.34230227389,-100.33776078583968,5732.799481121115,6474.2654008378095,-741.4659197166948,5336.0090829761,5680.68460454778,-344.6755215716794,10,0,0.0,ok,stage_preserving_rng_shuffle,6,430296,True
stable_sleep,0,lag_0,RNG_next,C2_RNG_next_given_RNG,D2_RNG_next_given_RNG_MCEEG,True,False,0.0,0.0,0.0,-1266.886229822534,-1273.1320995349115,-6.245869712377726,2548.793320757824,2681.451949084628,-132.65862832680386,2537.772459645068,2582.2641990698235,-44.49173942475545,10,3,0.3,ok,stage_preserving_rng_shuffle,6,430296,True
full,0,lag_0,MCEEG_next,D0_MCEEG_next_given_MCEEG,D1_MCEEG_next_given_MCEEG_RNG,True,False,0.0,0.0,0.0,-11561.514720373229,-11637.97292033052,-76.45819995729471,23772.627979696423,24575.142918560978,-802.514938864555,23267.029440746453,23563.945840661043,-296.9163999145894,10,0,0.0,ok,stage_preserving_rng_shuffle,7,431305,True
full,0,lag_0,RNG_next,C2_RNG_next_given_RNG,D2_RNG_next_given_RNG_MCEEG,True,False,0.0,0.0,0.0,-5744.876680559997,-5751.139255762545,-6.2625752025478505,11507.797764979716,11664.678146262582,-156.88038128286644,11493.753361119994,11538.27851152509,-44.5251504050957,10,0,0.0,ok,stage_preserving_rng_shuffle,7,431305,True
no_wake,0,lag_0,MCEEG_next,D0_MCEEG_next_given_MCEEG,D1_MCEEG_next_given_MCEEG_RNG,True,False,0.8,0.8,0.0,-3314.352501537434,-3424.7071260435005,-110.35462450606656,7197.630824408318,7987.265894753902,-789.6350703455837,6772.705003074868,7137.414252087001,-364.7092490121331,10,0,0.0,ok,stage_preserving_rng_shuffle,7,431305,True
no_wake,0,lag_0,RNG_next,C2_RNG_next_given_RNG,D2_RNG_next_given_RNG_MCEEG,True,False,0.0,0.0,0.0,-1869.2548970105988,-1873.6518856875791,-4.3969886769803,3754.3118081251823,3889.5218983110217,-135.21009018583936,3742.5097940211976,3783.3037713751582,-40.7939773539606,10,1,0.1,ok,stage_preserving_rng_shuffle,7,431305,True
stable_sleep,0,lag_0,MCEEG_next,D0_MCEEG_next_given_MCEEG,D1_MCEEG_next_given_MCEEG_RNG,True,False,0.8,0.8,0.0,-2596.00454148805,-2642.636746367913,-46.632204879863366,5732.799481121115,6366.854289025857,-634.0548079047421,5336.0090829761,5573.273492735827,-237.26440975972676,10,1,0.1,ok,stage_preserving_rng_shuffle,7,431305,True
stable_sleep,0,lag_0,RNG_next,C2_RNG_next_given_RNG,D2_RNG_next_given_RNG_MCEEG,True,False,0.0,0.0,0.0,-1266.50654918543,-1267.883603005096,-1.3770538196661164,2548.033959483616,2670.954956024996,-122.9209965413802,2537.01309837086,2571.767206010192,-34.75410763933223,10,4,0.4,ok,stage_preserving_rng_shuffle,7,431305,True
full,0,lag_0,MCEEG_next,D0_MCEEG_next_given_MCEEG,D1_MCEEG_next_given_MCEEG_RNG,True,False,0.0,0.0,0.0,-11561.514720373229,-11771.234489600254,-209.71976922702743,23772.627979696423,24841.666057100443,-1069.0380774040204,23267.029440746453,23830.46897920051,-563.4395384540549,10,0,0.0,ok,stage_preserving_rng_shuffle,8,432314,True
full,0,lag_0,RNG_next,C2_RNG_next_given_RNG,D2_RNG_next_given_RNG_MCEEG,True,False,0.8,0.0,-0.8,-5743.937000452894,-5746.042885048898,-2.1058845960042163,11505.918404765507,11654.485404835288,-148.56700006977917,11491.874000905787,11528.085770097796,-36.21176919200843,10,2,0.2,ok,stage_preserving_rng_shuffle,8,432314,True
no_wake,0,lag_0,MCEEG_next,D0_MCEEG_next_given_MCEEG,D1_MCEEG_next_given_MCEEG_RNG,True,False,0.8,0.8,0.0,-3314.352501537434,-3374.6609730571186,-60.308471519684645,7197.630824408318,7887.173588781137,-689.542764372819,6772.705003074868,7037.321946114237,-264.6169430393693,10,0,0.0,ok,stage_preserving_rng_shuffle,8,432314,True
no_wake,0,lag_0,RNG_next,C2_RNG_next_given_RNG,D2_RNG_next_given_RNG_MCEEG,True,False,0.0,0.0,0.0,-1870.6469244677448,-1876.3600308672912,-5.713106399546632,3757.095863039474,3894.938188670446,-137.84232563097203,3745.293848935489,3788.7200617345834,-43.426212799093264,10,2,0.2,ok,stage_preserving_rng_shuffle,8,432314,True
stable_sleep,0,lag_0,MCEEG_next,D0_MCEEG_next_given_MCEEG,D1_MCEEG_next_given_MCEEG_RNG,True,False,0.8,0.8,0.0,-2596.00454148805,-2686.6613298834773,-90.65678839542716,5732.799481121115,6454.903456056984,-722.1039749358697,5336.0090829761,5661.3226597669545,-325.3135767908543,10,0,0.0,ok,stage_preserving_rng_shuffle,8,432314,False
stable_sleep,0,lag_0,RNG_next,C2_RNG_next_given_RNG,D2_RNG_next_given_RNG_MCEEG,True,False,0.0,0.0,0.0,-1268.2013934706674,-1273.0939975173007,-4.892604046633323,2551.423648054091,2681.375745049406,-129.95209699531506,2540.402786941335,2582.187995034601,-41.78520809326665,10,5,0.5,ok,stage_preserving_rng_shuffle,8,432314,False
full,0,lag_0,MCEEG_next,D0_MCEEG_next_given_MCEEG,D1_MCEEG_next_given_MCEEG_RNG,True,False,0.0,0.0,0.0,-11561.514720373229,-11640.677362527524,-79.16264215429874,23772.627979696423,24580.551802954986,-807.9238232585631,23267.029440746453,23569.35472505505,-302.3252843085975,10,0,0.0,ok,stage_preserving_rng_shuffle,9,433323,True
full,0,lag_0,RNG_next,C2_RNG_next_given_RNG,D2_RNG_next_given_RNG_MCEEG,True,False,0.8,0.8,0.0,-5744.660197934342,-5752.518358220582,-7.858160286239581,11507.364799728406,11667.436351178656,-160.0715514502499,11493.320395868684,11541.036716441164,-47.71632057247916,10,1,0.1,ok,stage_preserving_rng_shuffle,9,433323,True
no_wake,0,lag_0,MCEEG_next,D0_MCEEG_next_given_MCEEG,D1_MCEEG_next_given_MCEEG_RNG,True,False,0.8,0.8,0.0,-3314.352501537434,-3429.5887327053824,-115.23623116794852,7197.630824408318,7997.029108077666,-799.3982836693476,6772.705003074868,7147.177465410765,-374.472462335897,10,0,0.0,ok,stage_preserving_rng_shuffle,9,433323,True
no_wake,0,lag_0,RNG_next,C2_RNG_next_given_RNG,D2_RNG_next_given_RNG_MCEEG,True,False,0.0,0.0,0.0,-1870.896551619874,-1874.212362181465,-3.315810561590979,3757.595117343733,3890.6428512987936,-133.04773395506072,3745.793103239748,3784.42472436293,-38.63162112318196,10,0,0.0,ok,stage_preserving_rng_shuffle,9,433323,True
stable_sleep,0,lag_0,MCEEG_next,D0_MCEEG_next_given_MCEEG,D1_MCEEG_next_given_MCEEG_RNG,True,False,0.8,0.8,0.0,-2596.00454148805,-2740.6325161261952,-144.62797463814513,5732.799481121115,6562.84582854242,-830.0463474213057,5336.0090829761,5769.265032252391,-433.2559492762903,10,1,0.1,ok,stage_preserving_rng_shuffle,9,433323,True
stable_sleep,0,lag_0,RNG_next,C2_RNG_next_given_RNG,D2_RNG_next_given_RNG_MCEEG,True,False,0.0,0.0,0.0,-1267.2262790432503,-1273.312245824828,-6.085966781577326,2549.473419199257,2681.81224166446,-132.33882246520307,2538.452558086501,2582.624491649656,-44.17193356315465,10,4,0.4,ok,stage_preserving_rng_shuffle,9,433323,True
full,0,lag_0,MCEEG_next,D0_MCEEG_next_given_MCEEG,D1_MCEEG_next_given_MCEEG_RNG,True,False,0.0,0.0,0.0,-11561.514720373229,-11807.703088615754,-246.18836824252685,23772.627979696423,24914.60325513144,-1141.9752754350193,23267.029440746453,23903.406177231507,-636.3767364850537,10,0,0.0,ok,stage_preserving_rng_shuffle,10,434332,True
full,0,lag_0,RNG_next,C2_RNG_next_given_RNG,D2_RNG_next_given_RNG_MCEEG,True,False,0.8,0.8,0.0,-5744.651493774344,-5748.433790732512,-3.782296958167535,11507.34739140841,11659.267216202516,-151.9198247941058,11493.302987548688,11532.867581465023,-39.56459391633507,10,0,0.0,ok,stage_preserving_rng_shuffle,10,434332,True
no_wake,0,lag_0,MCEEG_next,D0_MCEEG_next_given_MCEEG,D1_MCEEG_next_given_MCEEG_RNG,True,False,0.8,0.8,0.0,-3314.352501537434,-3432.10542924154,-117.75292770410624,7197.630824408318,8002.062501149981,-804.4316767416631,6772.705003074868,7152.21085848308,-379.5058554082125,10,0,0.0,ok,stage_preserving_rng_shuffle,10,434332,True
no_wake,0,lag_0,RNG_next,C2_RNG_next_given_RNG,D2_RNG_next_given_RNG_MCEEG,True,False,0.0,0.0,0.0,-1870.1926072101703,-1875.0230658660832,-4.830458655912707,3756.1872285243257,3892.26425866803,-136.07703014370418,3744.385214420341,3786.0461317321674,-41.660917311825415,10,2,0.2,ok,stage_preserving_rng_shuffle,10,434332,True
stable_sleep,0,lag_0,MCEEG_next,D0_MCEEG_next_given_MCEEG,D1_MCEEG_next_given_MCEEG_RNG,True,False,0.8,0.8,0.0,-2596.00454148805,-2686.706703631468,-90.7021621434178,5732.799481121115,6454.994203552966,-722.194722431851,5336.0090829761,5661.413407262936,-325.4043242868356,10,0,0.0,ok,stage_preserving_rng_shuffle,10,434332,True
stable_sleep,0,lag_0,RNG_next,C2_RNG_next_given_RNG,D2_RNG_next_given_RNG_MCEEG,True,False,0.0,0.0,0.0,-1267.1124606820874,-1272.218763401754,-5.106302719666701,2549.245782476931,2679.625276818312,-130.37949434138136,2538.224921364175,2580.4375268035083,-42.2126054393334,10,3,0.3,ok,stage_preserving_rng_shuffle,10,434332,True
full,0,lag_0,MCEEG_next,D0_MCEEG_next_given_MCEEG,D1_MCEEG_next_given_MCEEG_RNG,True,False,0.0,0.0,0.0,-11561.514720373229,-11673.96348694044,-112.44876656721316,23772.627979696423,24647.12405178081,-874.4960720843919,23267.029440746453,23635.92697388088,-368.8975331344264,10,0,0.0,ok,stage_preserving_rng_shuffle,11,435341,True
full,0,lag_0,RNG_next,C2_RNG_next_given_RNG,D2_RNG_next_given_RNG_MCEEG,True,False,0.8,0.0,-0.8,-5744.82625101492,-5750.749612671359,-5.9233616564388285,11507.69690588956,11663.89886008021,-156.2019541906484,11493.65250202984,11537.499225342715,-43.84672331287766,10,1,0.1,ok,stage_preserving_rng_shuffle,11,435341,True
no_wake,0,lag_0,MCEEG_next,D0_MCEEG_next_given_MCEEG,D1_MCEEG_next_given_MCEEG_RNG,True,False,0.8,0.8,0.0,-3314.352501537434,-3385.833955481979,-71.48145394454514,7197.630824408318,7909.519553630858,-711.88872922254,6772.705003074868,7059.667910963958,-286.9629078890903,10,1,0.1,ok,stage_preserving_rng_shuffle,11,435341,True
no_wake,0,lag_0,RNG_next,C2_RNG_next_given_RNG,D2_RNG_next_given_RNG_MCEEG,True,False,0.0,0.0,0.0,-1870.85362529348,-1875.629480401014,-4.775855107534198,3757.509264690944,3893.477087737892,-135.96782304694716,3745.70725058696,3787.258960802028,-41.5517102150684,10,3,0.3,ok,stage_preserving_rng_shuffle,11,435341,True
stable_sleep,0,lag_0,MCEEG_next,D0_MCEEG_next_given_MCEEG,D1_MCEEG_next_given_MCEEG_RNG,True,False,0.8,0.8,0.0,-2596.00454148805,-2667.467567759294,-71.46302627124396,5732.799481121115,6416.515931808618,-683.7164506875033,5336.0090829761,5622.935135518588,-286.9260525424879,10,2,0.2,ok,stage_preserving_rng_shuffle,11,435341,True
stable_sleep,0,lag_0,RNG_next,C2_RNG_next_given_RNG,D2_RNG_next_given_RNG_MCEEG,True,False,0.0,0.0,0.0,-1266.7799673175373,-1269.2453757614426,-2.465408443905289,2548.5807957478305,2673.678501537689,-125.09770578985854,2537.5599346350746,2574.490751522885,-36.93081688781058,10,2,0.2,ok,stage_preserving_rng_shuffle,11,435341,True
full,0,lag_0,MCEEG_next,D0_MCEEG_next_given_MCEEG,D1_MCEEG_next_given_MCEEG_RNG,True,False,0.0,0.0,0.0,-11561.514720373229,-11708.88351830308,-147.368797929852,23772.627979696423,24716.96411450609,-944.3361348096696,23267.029440746453,23705.76703660616,-438.737595859704,10,0,0.0,ok,subject_mismatch,0,424242,True
full,0,lag_0,RNG_next,C2_RNG_next_given_RNG,D2_RNG_next_given_RNG_MCEEG,True,False,0.8,0.0,-0.8,-5745.154629196466,-5751.071462280732,-5.916833084265818,11508.353662252654,11664.542559298956,-156.18889704630237,11494.309258392932,11538.142924561464,-43.83366616853164,10,1,0.1,ok,subject_mismatch,0,424242,True
no_wake,0,lag_0,MCEEG_next,D0_MCEEG_next_given_MCEEG,D1_MCEEG_next_given_MCEEG_RNG,True,False,0.8,0.8,0.0,-3314.352501537434,-3392.156954398018,-77.8044528605842,7197.630824408318,7922.165551462936,-724.5347270546181,6772.705003074868,7072.313908796036,-299.6089057211684,10,1,0.1,ok,subject_mismatch,0,424242,True
no_wake,0,lag_0,RNG_next,C2_RNG_next_given_RNG,D2_RNG_next_given_RNG_MCEEG,True,False,0.0,0.0,0.0,-1870.4571484011497,-1874.6111498650007,-4.154001463851046,3756.716310906284,3891.440426665865,-134.72411575958083,3744.9142968022993,3785.2222997300014,-40.30800292770209,10,2,0.2,ok,subject_mismatch,0,424242,True
stable_sleep,0,lag_0,MCEEG_next,D0_MCEEG_next_given_MCEEG,D1_MCEEG_next_given_MCEEG_RNG,True,False,0.8,0.8,0.0,-2596.00454148805,-2642.578767076317,-46.57422558826738,5732.799481121115,6366.738330442665,-633.9388493215502,5336.0090829761,5573.157534152635,-237.1484511765348,10,1,0.1,ok,subject_mismatch,0,424242,False
stable_sleep,0,lag_0,RNG_next,C2_RNG_next_given_RNG,D2_RNG_next_given_RNG_MCEEG,True,False,0.0,0.0,0.0,-1266.8059248595537,-1271.832110360092,-5.026185500538304,2548.6327108318637,2678.851970734988,-130.21925990312457,2537.611849719108,2579.664220720184,-42.05237100107661,10,4,0.4,ok,subject_mismatch,0,424242,False
full,0,lag_0,MCEEG_next,D0_MCEEG_next_given_MCEEG,D1_MCEEG_next_given_MCEEG_RNG,True,False,0.0,0.0,0.0,-11561.514720373229,-11767.87720655228,-206.36248617905403,23772.627979696423,24834.951491004496,-1062.3235113080736,23267.029440746453,23823.75441310456,-556.7249723581081,10,0,0.0,ok,subject_mismatch,1,425251,True
full,0,lag_0,RNG_next,C2_RNG_next_given_RNG,D2_RNG_next_given_RNG_MCEEG,True,False,0.8,0.8,0.0,-5744.4253603430425,-5750.779015173912,-6.3536548308693455,11506.895124545808,11663.957665085316,-157.06254053950943,11492.850720686083,11537.558030347824,-44.70730966173869,10,1,0.1,ok,subject_mismatch,1,425251,True
no_wake,0,lag_0,MCEEG_next,D0_MCEEG_next_given_MCEEG,D1_MCEEG_next_given_MCEEG_RNG,True,False,0.8,0.8,0.0,-3314.352501537434,-3426.7477754627967,-112.39527392536274,7197.630824408318,7991.347193592494,-793.7163691841752,6772.705003074868,7141.495550925593,-368.7905478507255,10,0,0.0,ok,subject_mismatch,1,425251,True
no_wake,0,lag_0,RNG_next,C2_RNG_next_given_RNG,D2_RNG_next_given_RNG_MCEEG,True,False,0.8,0.0,-0.8,-1872.336603223776,-1875.90581739804,-3.5692141742636068,3760.475220551537,3894.029761731943,-133.55454118040598,3748.673206447552,3787.81163479608,-39.13842834852721,10,1,0.1,ok,subject_mismatch,1,425251,True
stable_sleep,0,lag_0,MCEEG_next,D0_MCEEG_next_given_MCEEG,D1_MCEEG_next_given_MCEEG_RNG,True,False,0.8,0.0,-0.8,-2596.00454148805,-2711.6748100926407,-115.67026860459056,5732.799481121115,6504.930416475311,-772.1309353541965,5336.0090829761,5711.349620185281,-375.3405372091811,10,0,0.0,ok,subject_mismatch,1,425251,True
stable_sleep,0,lag_0,RNG_next,C2_RNG_next_given_RNG,D2_RNG_next_given_RNG_MCEEG,True,False,0.0,0.0,0.0,-1266.9701088528384,-1268.5668059532093,-1.596697100370875,2548.9610788184327,2672.321361921223,-123.36028310279016,2537.940217705677,2573.1336119064185,-35.19339420074175,10,2,0.2,ok,subject_mismatch,1,425251,True
full,0,lag_0,MCEEG_next,D0_MCEEG_next_given_MCEEG,D1_MCEEG_next_given_MCEEG_RNG,True,False,0.0,0.0,0.0,-11561.514720373229,-11629.177738212658,-67.66301783943163,23772.627979696423,24557.55255432525,-784.9245746288289,23267.029440746453,23546.35547642532,-279.32603567886326,10,0,0.0,ok,subject_mismatch,2,426260,True
full,0,lag_0,RNG_next,C2_RNG_next_given_RNG,D2_RNG_next_given_RNG_MCEEG,True,False,0.8,0.8,0.0,-5745.873687057056,-5751.190528521582,-5.316841464526078,11509.791777973833,11664.780691780656,-154.9889138068229,11495.747374114111,11538.381057043163,-42.63368292905216,10,1,0.1,ok,subject_mismatch,2,426260,True
no_wake,0,lag_0,MCEEG_next,D0_MCEEG_next_given_MCEEG,D1_MCEEG_next_given_MCEEG_RNG,True,False,0.8,0.8,0.0,-3314.352501537434,-3437.3376586761115,-122.98515713867756,7197.630824408318,8012.526960019124,-814.8961356108057,6772.705003074868,7162.675317352223,-389.9703142773551,10,1,0.1,ok,subject_mismatch,2,426260,True
no_wake,0,lag_0,RNG_next,C2_RNG_next_given_RNG,D2_RNG_next_given_RNG_MCEEG,True,False,0.0,0.0,0.0,-1870.5373073914768,-1876.233268647785,-5.695961256308465,3756.876628886938,3894.6846642314335,-137.8080353444957,3745.074614782953,3788.46653729557,-43.39192251261693,10,1,0.1,ok,subject_mismatch,2,426260,True
stable_sleep,0,lag_0,MCEEG_next,D0_MCEEG_next_given_MCEEG,D1_MCEEG_next_given_MCEEG_RNG,True,False,0.8,0.8,0.0,-2596.00454148805,-2650.8010688212294,-54.796527333179256,5732.799481121115,6383.182933932489,-650.3834528113739,5336.0090829761,5589.602137642459,-253.5930546663585,10,1,0.1,ok,subject_mismatch,2,426260,True
stable_sleep,0,lag_0,RNG_next,C2_RNG_next_given_RNG,D2_RNG_next_given_RNG_MCEEG,True,False,0.0,0.0,0.0,-1265.0767375823598,-1270.2000352465916,-5.1232976642318135,2545.1743362774755,2675.587820507987,-130.4134842305116,2534.15347516472,2576.400070493183,-42.24659532846363,10,2,0.2,ok,subject_mismatch,2,426260,True
full,0,lag_0,MCEEG_next,D0_MCEEG_next_given_MCEEG,D1_MCEEG_next_given_MCEEG_RNG,True,False,0.0,0.0,0.0,-11561.514720373229,-11594.397554522424,-32.88283414919715,23772.627979696423,24487.992186944783,-715.3642072483599,23267.029440746453,23476.795109044848,-209.7656682983943,10,0,0.0,ok,subject_mismatch,3,427269,True
full,0,lag_0,RNG_next,C2_RNG_next_given_RNG,D2_RNG_next_given_RNG_MCEEG,True,False,0.8,0.0,-0.8,-5744.34881435592,-5756.958837079487,-12.610022723567454,11506.74203257156,11676.317308896469,-169.57527632490564,11492.69762871184,11549.917674158974,-57.22004544713491,10,2,0.2,ok,subject_mismatch,3,427269,True
no_wake,0,lag_0,MCEEG_next,D0_MCEEG_next_given_MCEEG,D1_MCEEG_next_given_MCEEG_RNG,True,False,0.8,0.8,0.0,-3314.352501537434,-3389.6823332688678,-75.32983173143339,7197.630824408318,7917.216309204636,-719.5854847963174,6772.705003074868,7067.364666537735,-294.6596634628668,10,1,0.1,ok,subject_mismatch,3,427269,True
no_wake,0,lag_0,RNG_next,C2_RNG_next_given_RNG,D2_RNG_next_given_RNG_MCEEG,True,False,0.0,0.0,0.0,-1870.3387683108012,-1877.2185646998068,-6.879796389005378,3756.479550725588,3896.655256335477,-140.17570560988952,3744.677536621603,3790.4371293996137,-45.75959277801076,10,2,0.2,ok,subject_mismatch,3,427269,True
stable_sleep,0,lag_0,MCEEG_next,D0_MCEEG_next_given_MCEEG,D1_MCEEG_next_given_MCEEG_RNG,True,False,0.8,0.8,0.0,-2596.00454148805,-2669.3991995857014,-73.39465809765125,5732.799481121115,6420.379195461433,-687.5797143403179,5336.0090829761,5626.798399171403,-290.7893161953025,10,0,0.0,ok,subject_mismatch,3,427269,False
stable_sleep,0,lag_0,RNG_next,C2_RNG_next_given_RNG,D2_RNG_next_given_RNG_MCEEG,True,False,0.0,0.0,0.0,-1267.7784343425617,-1272.182764505788,-4.404330163226405,2550.577729797879,2679.55327902638,-128.97554922850077,2539.556868685123,2580.365529011576,-40.80866032645281,10,3,0.3,ok,subject_mismatch,3,427269,False
full,0,lag_0,MCEEG_next,D0_MCEEG_next_given_MCEEG,D1_MCEEG_next_given_MCEEG_RNG,True,False,0.0,0.0,0.0,-11561.514720373229,-11604.621594570368,-43.10687419714122,23772.627979696423,24508.44026704067,-735.812287344248,23267.029440746453,23497.243189140736,-230.21374839428245,10,0,0.0,ok,subject_mismatch,4,428278,True
full,0,lag_0,RNG_next,C2_RNG_next_given_RNG,D2_RNG_next_given_RNG_MCEEG,True,False,0.8,0.0,-0.8,-5744.247843315772,-5748.6906438187125,-4.442800502940372,11506.540090491266,11659.780922374915,-153.24083188365148,11492.495686631544,11533.381287637423,-40.88560100588074,10,1,0.1,ok,subject_mismatch,4,428278,True
no_wake,0,lag_0,MCEEG_next,D0_MCEEG_next_given_MCEEG,D1_MCEEG_next_given_MCEEG_RNG,True,False,0.8,0.8,0.0,-3314.352501537434,-3418.4325125116525,-104.08001097421857,7197.630824408318,7974.716667690205,-777.0858432818868,6772.705003074868,7124.865025023305,-352.16002194843713,10,1,0.1,ok,subject_mismatch,4,428278,True
no_wake,0,lag_0,RNG_next,C2_RNG_next_given_RNG,D2_RNG_next_given_RNG_MCEEG,True,False,0.0,0.0,0.0,-1870.6035425079845,-1880.6615677933216,-10.058025285337408,3757.0090991199536,3903.541262522507,-146.53216340255358,3745.207085015969,3797.323135586644,-52.116050570674815,10,2,0.2,ok,subject_mismatch,4,428278,True
stable_sleep,0,lag_0,MCEEG_next,D0_MCEEG_next_given_MCEEG,D1_MCEEG_next_given_MCEEG_RNG,True,False,0.8,0.8,0.0,-2596.00454148805,-2665.389188661146,-69.3846471730958,5732.799481121115,6412.359173612322,-679.559692491207,5336.0090829761,5618.778377322292,-282.7692943461916,10,0,0.0,ok,subject_mismatch,4,428278,True
stable_sleep,0,lag_0,RNG_next,C2_RNG_next_given_RNG,D2_RNG_next_given_RNG_MCEEG,True,False,0.0,0.0,0.0,-1267.3278455870552,-1274.1590105613436,-6.831164974288413,2549.6765522868664,2683.505771137491,-133.82921885062478,2538.6556911741104,2584.3180211226872,-45.662329948576826,10,3,0.3,ok,subject_mismatch,4,428278,True
full,0,lag_0,MCEEG_next,D0_MCEEG_next_given_MCEEG,D1_MCEEG_next_given_MCEEG_RNG,True,False,0.0,0.0,0.0,-11561.514720373229,-11640.394386503953,-78.87966613072422,23772.627979696423,24579.98585090784,-807.357871211414,23267.029440746453,23568.788773007906,-301.75933226144844,10,0,0.0,ok,subject_mismatch,5,429287,True
full,0,lag_0,RNG_next,C2_RNG_next_given_RNG,D2_RNG_next_given_RNG_MCEEG,True,False,0.8,0.8,0.0,-5744.396390910187,-5749.25011295521,-4.85372204502346,11506.837185680097,11660.899860647913,-154.06267496781766,11492.792781820372,11534.50022591042,-41.70744409004692,10,1,0.1,ok,subject_mismatch,5,429287,True
no_wake,0,lag_0,MCEEG_next,D0_MCEEG_next_given_MCEEG,D1_MCEEG_next_given_MCEEG_RNG,True,False,0.8,0.8,0.0,-3314.352501537434,-3395.617525406898,-81.26502386946413,7197.630824408318,7929.086693480696,-731.4558690723779,6772.705003074868,7079.235050813796,-306.53004773892826,10,0,0.0,ok,subject_mismatch,5,429287,True
no_wake,0,lag_0,RNG_next,C2_RNG_next_given_RNG,D2_RNG_next_given_RNG_MCEEG,True,False,0.0,0.0,0.0,-1869.6826243978544,-1875.9777586378764,-6.29513424002198,3755.1672628996935,3894.173644211616,-139.00638131192272,3743.365248795709,3787.9555172757528,-44.59026848004396,10,0,0.0,ok,subject_mismatch,5,429287,True
stable_sleep,0,lag_0,MCEEG_next,D0_MCEEG_next_given_MCEEG,D1_MCEEG_next_given_MCEEG_RNG,True,False,0.8,0.8,0.0,-2596.00454148805,-2698.967042459066,-102.96250097101574,5732.799481121115,6479.514881208162,-746.7154000870469,5336.0090829761,5685.934084918132,-349.9250019420315,10,0,0.0,ok,subject_mismatch,5,429287,True
stable_sleep,0,lag_0,RNG_next,C2_RNG_next_given_RNG,D2_RNG_next_given_RNG_MCEEG,True,False,0.0,0.0,0.0,-1267.044304753957,-1274.079432987414,-7.035128233457044,2549.10947062067,2683.3466159896325,-134.2371453689625,2538.088609507914,2584.158865974828,-46.07025646691409,10,4,0.4,ok,subject_mismatch,5,429287,True
full,0,lag_0,MCEEG_next,D0_MCEEG_next_given_MCEEG,D1_MCEEG_next_given_MCEEG_RNG,True,False,0.0,0.0,0.0,-11561.514720373229,-11651.44247523565,-89.92775486242317,23772.627979696423,24602.082028371235,-829.4540486748119,23267.029440746453,23590.8849504713,-323.85550972484634,10,0,0.0,ok,subject_mismatch,6,430296,True
full,0,lag_0,RNG_next,C2_RNG_next_given_RNG,D2_RNG_next_given_RNG_MCEEG,True,False,0.8,0.8,0.0,-5746.253238346112,-5749.474920918462,-3.2216825723498914,11510.550880551946,11661.349476574416,-150.79859602247052,11496.506476692224,11534.949841836924,-38.44336514469978,10,1,0.1,ok,subject_mismatch,6,430296,True
no_wake,0,lag_0,MCEEG_next,D0_MCEEG_next_given_MCEEG,D1_MCEEG_next_given_MCEEG_RNG,True,False,0.8,0.8,0.0,-3314.352501537434,-3381.7706913665725,-67.41818982913856,7197.630824408318,7901.393025400046,-703.7622009917277,6772.705003074868,7051.541382733145,-278.8363796582771,10,0,0.0,ok,subject_mismatch,6,430296,True
no_wake,0,lag_0,RNG_next,C2_RNG_next_given_RNG,D2_RNG_next_given_RNG_MCEEG,True,False,0.0,0.0,0.0,-1870.5055309977304,-1876.0122066117524,-5.506675614022015,3756.813076099445,3894.242540159368,-137.4294640599228,3745.0110619954608,3788.024413223505,-43.01335122804403,10,2,0.2,ok,subject_mismatch,6,430296,True
stable_sleep,0,lag_0,MCEEG_next,D0_MCEEG_next_given_MCEEG,D1_MCEEG_next_given_MCEEG_RNG,True,False,0.8,0.8,0.0,-2596.00454148805,-2720.888628907524,-124.88408741947389,5732.799481121115,6523.358054105078,-790.5585729839631,5336.0090829761,5729.777257815048,-393.7681748389477,10,1,0.1,ok,subject_mismatch,6,430296,True
stable_sleep,0,lag_0,RNG_next,C2_RNG_next_given_RNG,D2_RNG_next_given_RNG_MCEEG,True,False,0.0,0.0,0.0,-1266.5701531470593,-1271.8856489474842,-5.315495800424969,2548.1611674068745,2678.9590479097724,-130.7978805028979,2537.1403062941185,2579.7712978949685,-42.63099160084994,10,3,0.3,ok,subject_mismatch,6,430296,True
full,0,lag_0,MCEEG_next,D0_MCEEG_next_given_MCEEG,D1_MCEEG_next_given_MCEEG_RNG,True,False,0.0,0.0,0.0,-11561.514720373229,-11604.650952845484,-43.13623247225587,23772.627979696423,24508.4989835909,-735.8710038944773,23267.029440746453,23497.301905690965,-230.2724649445117,10,0,0.0,ok,subject_mismatch,7,431305,True
full,0,lag_0,RNG_next,C2_RNG_next_given_RNG,D2_RNG_next_given_RNG_MCEEG,True,False,0.8,0.0,-0.8,-5744.374232936455,-5752.769114896871,-8.39488196041566,11506.792869732632,11667.937864531234,-161.14499479860206,11492.74846587291,11541.53822979374,-48.78976392083132,10,1,0.1,ok,subject_mismatch,7,431305,True
no_wake,0,lag_0,MCEEG_next,D0_MCEEG_next_given_MCEEG,D1_MCEEG_next_given_MCEEG_RNG,True,False,0.8,0.8,0.0,-3314.352501537434,-3416.6137369481644,-102.26123541073048,7197.630824408318,7971.079116563229,-773.4482921549106,6772.705003074868,7121.227473896329,-348.52247082146096,10,0,0.0,ok,subject_mismatch,7,431305,True
no_wake,0,lag_0,RNG_next,C2_RNG_next_given_RNG,D2_RNG_next_given_RNG_MCEEG,True,False,0.0,0.0,0.0,-1870.419207070778,-1873.4917921228853,-3.07258505210757,3756.640428245541,3889.2017111816335,-132.5612829360939,3744.838414141556,3782.983584245771,-38.14517010421514,10,1,0.1,ok,subject_mismatch,7,431305,True
stable_sleep,0,lag_0,MCEEG_next,D0_MCEEG_next_given_MCEEG,D1_MCEEG_next_given_MCEEG_RNG,True,False,0.8,0.8,0.0,-2596.00454148805,-2668.741713271546,-72.7371717834958,5732.799481121115,6419.064222833122,-686.264741712007,5336.0090829761,5625.483426543092,-289.4743435669916,10,2,0.2,ok,subject_mismatch,7,431305,True
stable_sleep,0,lag_0,RNG_next,C2_RNG_next_given_RNG,D2_RNG_next_given_RNG_MCEEG,True,False,0.0,0.0,0.0,-1267.6460892686137,-1268.5867873096583,-0.9406980410446976,2550.3130396499832,2672.361324634121,-122.0482849841378,2539.2921785372278,2573.1735746193167,-33.881396082089395,10,3,0.3,ok,subject_mismatch,7,431305,True
full,0,lag_0,MCEEG_next,D0_MCEEG_next_given_MCEEG,D1_MCEEG_next_given_MCEEG_RNG,True,False,0.0,0.0,0.0,-11561.514720373229,-11687.838500625485,-126.32378025225808,23772.627979696423,24674.874079150904,-902.2460994544816,23267.029440746453,23663.67700125097,-396.64756050451615,10,0,0.0,ok,subject_mismatch,8,432314,True
full,0,lag_0,RNG_next,C2_RNG_next_given_RNG,D2_RNG_next_given_RNG_MCEEG,True,False,0.8,0.8,0.0,-5744.311565731463,-5748.356545500795,-4.044979769331803,11506.667535322647,11659.112725739082,-152.44519041643434,11492.623131462926,11532.71309100159,-40.08995953866361,10,1,0.1,ok,subject_mismatch,8,432314,True
no_wake,0,lag_0,MCEEG_next,D0_MCEEG_next_given_MCEEG,D1_MCEEG_next_given_MCEEG_RNG,True,False,0.8,0.8,0.0,-3314.352501537434,-3387.1791113352742,-72.82660979784032,7197.630824408318,7912.209865337449,-714.5790409291303,6772.705003074868,7062.3582226705485,-289.65321959568064,10,0,0.0,ok,subject_mismatch,8,432314,True
no_wake,0,lag_0,RNG_next,C2_RNG_next_given_RNG,D2_RNG_next_given_RNG_MCEEG,True,False,0.0,0.0,0.0,-1870.840265870366,-1875.1686883612856,-4.328422490919593,3757.4825458447167,3892.555503658434,-135.07295781371795,3745.680531740732,3786.337376722571,-40.65684498183919,10,4,0.4,ok,subject_mismatch,8,432314,True
stable_sleep,0,lag_0,MCEEG_next,D0_MCEEG_next_given_MCEEG,D1_MCEEG_next_given_MCEEG_RNG,True,False,0.8,0.8,0.0,-2596.00454148805,-2672.450223276548,-76.44568178849795,5732.799481121115,6426.481242843126,-693.6817617220113,5336.0090829761,5632.900446553096,-296.8913635769959,10,1,0.1,ok,subject_mismatch,8,432314,False
stable_sleep,0,lag_0,RNG_next,C2_RNG_next_given_RNG,D2_RNG_next_given_RNG_MCEEG,True,False,0.0,0.0,0.0,-1266.3043664612944,-1271.2962542367345,-4.991887775440091,2547.629594035345,2677.780258488273,-130.15066445292814,2536.608732922589,2578.592508473469,-41.98377555088018,10,4,0.4,ok,subject_mismatch,8,432314,False
full,0,lag_0,MCEEG_next,D0_MCEEG_next_given_MCEEG,D1_MCEEG_next_given_MCEEG_RNG,True,False,0.0,0.0,0.0,-11561.514720373229,-11701.691135554054,-140.17641518082746,23772.627979696423,24702.579349008043,-929.9513693116204,23267.029440746453,23691.38227110811,-424.3528303616549,10,0,0.0,ok,subject_mismatch,9,433323,True
full,0,lag_0,RNG_next,C2_RNG_next_given_RNG,D2_RNG_next_given_RNG_MCEEG,True,False,0.0,0.0,0.0,-5746.151433349922,-5752.464955830637,-6.313522480715619,11510.347270559563,11667.329546398769,-156.98227583920198,11496.302866699843,11540.929911661276,-44.62704496143124,10,1,0.1,ok,subject_mismatch,9,433323,True
no_wake,0,lag_0,MCEEG_next,D0_MCEEG_next_given_MCEEG,D1_MCEEG_next_given_MCEEG_RNG,True,False,0.8,0.8,0.0,-3314.352501537434,-3385.2664480372828,-70.91394649984886,7197.630824408318,7908.384538741466,-710.7537143331474,6772.705003074868,7058.5328960745655,-285.8278929996977,10,0,0.0,ok,subject_mismatch,9,433323,True
no_wake,0,lag_0,RNG_next,C2_RNG_next_given_RNG,D2_RNG_next_given_RNG_MCEEG,True,False,0.0,0.0,0.0,-1869.3478637544888,-1873.8606593721977,-4.512795617708889,3754.497741612962,3889.939445680259,-135.44170406729654,3742.6957275089776,3783.7213187443954,-41.02559123541778,10,2,0.2,ok,subject_mismatch,9,433323,True
stable_sleep,0,lag_0,MCEEG_next,D0_MCEEG_next_given_MCEEG,D1_MCEEG_next_given_MCEEG_RNG,True,False,0.8,0.8,0.0,-2596.00454148805,-2696.794751906511,-100.7902104184609,5732.799481121115,6475.170300103052,-742.3708189819372,5336.0090829761,5681.589503813022,-345.5804208369218,10,1,0.1,ok,subject_mismatch,9,433323,True
stable_sleep,0,lag_0,RNG_next,C2_RNG_next_given_RNG,D2_RNG_next_given_RNG_MCEEG,True,False,0.0,0.0,0.0,-1266.7830630264732,-1270.981609978483,-4.198546952009792,2548.5869871657023,2677.15096997177,-128.56398280606754,2537.5661260529464,2577.963219956966,-40.397093904019584,10,5,0.5,ok,subject_mismatch,9,433323,True
full,0,lag_0,MCEEG_next,D0_MCEEG_next_given_MCEEG,D1_MCEEG_next_given_MCEEG_RNG,True,False,0.0,0.0,0.0,-11561.514720373229,-11677.16217147188,-115.64745109865362,23772.627979696423,24653.521420843696,-880.8934411472728,23267.029440746453,23642.32434294376,-375.2949021973072,10,0,0.0,ok,subject_mismatch,10,434332,True
full,0,lag_0,RNG_next,C2_RNG_next_given_RNG,D2_RNG_next_given_RNG_MCEEG,True,False,0.8,0.8,0.0,-5744.657430418512,-5749.097386491471,-4.439956072958921,11507.359264696746,11660.594407720437,-153.23514302368858,11493.314860837025,11534.194772982944,-40.87991214591784,10,1,0.1,ok,subject_mismatch,10,434332,True
no_wake,0,lag_0,MCEEG_next,D0_MCEEG_next_given_MCEEG,D1_MCEEG_next_given_MCEEG_RNG,True,False,0.8,0.8,0.0,-3314.352501537434,-3407.6666528114474,-93.31415127401353,7197.630824408318,7953.184948289796,-755.5541238814776,6772.705003074868,7103.333305622895,-330.628302548027,10,1,0.1,ok,subject_mismatch,10,434332,True
no_wake,0,lag_0,RNG_next,C2_RNG_next_given_RNG,D2_RNG_next_given_RNG_MCEEG,True,False,0.0,0.0,0.0,-1870.4780096335403,-1874.2115076376856,-3.733498004145304,3756.758033371065,3890.641142211234,-133.88310884016937,3744.9560192670806,3784.423015275371,-39.46699600829061,10,1,0.1,ok,subject_mismatch,10,434332,True
stable_sleep,0,lag_0,MCEEG_next,D0_MCEEG_next_given_MCEEG,D1_MCEEG_next_given_MCEEG_RNG,True,False,0.8,0.8,0.0,-2596.00454148805,-2676.6852278764686,-80.68068638841851,5732.799481121115,6434.951252042967,-702.1517709218524,5336.0090829761,5641.370455752937,-305.361372776837,10,0,0.0,ok,subject_mismatch,10,434332,True
stable_sleep,0,lag_0,RNG_next,C2_RNG_next_given_RNG,D2_RNG_next_given_RNG_MCEEG,True,False,0.0,0.0,0.0,-1266.8897508706157,-1271.6340171541626,-4.744266283546949,2548.8003628539877,2678.4557843231296,-129.6554214691423,2537.779501741232,2579.268034308325,-41.4885325670939,10,3,0.3,ok,subject_mismatch,10,434332,True
full,0,lag_0,MCEEG_next,D0_MCEEG_next_given_MCEEG,D1_MCEEG_next_given_MCEEG_RNG,True,False,0.0,0.0,0.0,-11561.514720373229,-11645.06754550988,-83.55282513665406,23772.627979696423,24589.332168919696,-816.7041892232737,23267.029440746453,23578.13509101976,-311.10565027330813,10,0,0.0,ok,subject_mismatch,11,435341,True
full,0,lag_0,RNG_next,C2_RNG_next_given_RNG,D2_RNG_next_given_RNG_MCEEG,True,False,0.8,0.0,-0.8,-5745.352668062125,-5752.653786997441,-7.301118935315571,11508.749739983972,11667.707208732374,-158.95746874840188,11494.70533612425,11541.307573994882,-46.60223787063114,10,0,0.0,ok,subject_mismatch,11,435341,True
no_wake,0,lag_0,MCEEG_next,D0_MCEEG_next_given_MCEEG,D1_MCEEG_next_given_MCEEG_RNG,True,False,0.8,0.8,0.0,-3314.352501537434,-3383.1062341852403,-68.75373264780637,7197.630824408318,7904.064111037382,-706.4332866290633,6772.705003074868,7054.212468370481,-281.50746529561275,10,1,0.1,ok,subject_mismatch,11,435341,True
no_wake,0,lag_0,RNG_next,C2_RNG_next_given_RNG,D2_RNG_next_given_RNG_MCEEG,True,False,0.8,0.0,-0.8,-1871.2174459465773,-1878.3515787852,-7.1341328386226905,3758.2369059971393,3898.921284506264,-140.68437850912414,3746.4348918931546,3792.7031575704,-46.26826567724538,10,1,0.1,ok,subject_mismatch,11,435341,True
stable_sleep,0,lag_0,MCEEG_next,D0_MCEEG_next_given_MCEEG,D1_MCEEG_next_given_MCEEG_RNG,True,False,0.8,0.8,0.0,-2596.00454148805,-2634.6980528849613,-38.69351139691116,5732.799481121115,6350.976902059952,-618.1774209388377,5336.0090829761,5557.3961057699225,-221.38702279382235,10,2,0.2,ok,subject_mismatch,11,435341,False
stable_sleep,0,lag_0,RNG_next,C2_RNG_next_given_RNG,D2_RNG_next_given_RNG_MCEEG,True,False,0.0,0.0,0.0,-1267.5108841975125,-1270.748052417533,-3.2371682200207488,2550.0426295077805,2676.68385484987,-126.64122534208946,2539.0217683950245,2577.496104835066,-38.4743364400415,10,4,0.4,ok,subject_mismatch,11,435341,False
full,0,lag_0,MCEEG_next,D0_MCEEG_next_given_MCEEG,D1_MCEEG_next_given_MCEEG_RNG,True,False,0.0,0.0,0.0,-16345.479630073973,-16371.87448549996,-26.39485542598777,33340.557799097915,34042.94604889986,-702.3882498019448,32834.959260147945,33031.74897099992,-196.78971085197557,10,0,0.0,ok,within_subject_eeg_shuffle,0,424242,True
full,0,lag_0,RNG_next,C2_RNG_next_given_RNG,D2_RNG_next_given_RNG_MCEEG,True,False,0.8,0.0,-0.8,-5744.958485936534,-5750.10157436436,-5.143088427826115,11507.96137573279,11662.602783466213,-154.64140773342297,11493.916971873068,11536.20314872872,-42.28617685565223,10,3,0.3,ok,within_subject_eeg_shuffle,0,424242,True
no_wake,0,lag_0,MCEEG_next,D0_MCEEG_next_given_MCEEG,D1_MCEEG_next_given_MCEEG_RNG,True,False,0.8,0.8,0.0,-3800.196392739205,-3892.0584085538007,-91.8620158145959,8169.31860681186,8921.968459774502,-752.6498529626415,7744.39278547841,8072.1168171076015,-327.7240316291918,10,1,0.1,ok,within_subject_eeg_shuffle,0,424242,True
no_wake,0,lag_0,RNG_next,C2_RNG_next_given_RNG,D2_RNG_next_given_RNG_MCEEG,True,False,0.0,0.0,0.0,-1870.0504208475213,-1877.5573107089408,-7.506889861419495,3755.9028557990273,3897.332748353745,-141.42989255471775,3744.1008416950426,3791.1146214178816,-47.01377972283899,10,2,0.2,ok,within_subject_eeg_shuffle,0,424242,True
stable_sleep,0,lag_0,MCEEG_next,D0_MCEEG_next_given_MCEEG,D1_MCEEG_next_given_MCEEG_RNG,True,False,0.8,0.8,0.0,-2984.0720619578506,-3088.8047522007146,-104.732690242864,6508.934522060716,7259.190300691459,-750.2557786307434,6112.144123915701,6465.609504401429,-353.465380485728,10,0,0.0,ok,within_subject_eeg_shuffle,0,424242,True
stable_sleep,0,lag_0,RNG_next,C2_RNG_next_given_RNG,D2_RNG_next_given_RNG_MCEEG,True,False,0.0,0.0,0.0,-1267.0309236091891,-1269.461499785123,-2.4305761759335383,2549.082708331134,2674.110749585049,-125.02804125391503,2538.0618472183783,2574.9229995702453,-36.86115235186708,10,1,0.1,ok,within_subject_eeg_shuffle,0,424242,True
full,0,lag_0,MCEEG_next,D0_MCEEG_next_given_MCEEG,D1_MCEEG_next_given_MCEEG_RNG,True,False,0.0,0.0,0.0,-16405.068592643493,-16428.059487251005,-22.99089460751202,33459.735724236954,34155.31605240195,-695.5803281649933,32954.137185286985,33144.11897450201,-189.98178921502404,10,0,0.0,ok,within_subject_eeg_shuffle,1,425251,True
full,0,lag_0,RNG_next,C2_RNG_next_given_RNG,D2_RNG_next_given_RNG_MCEEG,True,False,0.8,0.0,-0.8,-5744.958485936534,-5747.984456166288,-3.025970229753512,11507.96137573279,11658.368547070068,-150.40717133727776,11493.916971873068,11531.968912332575,-38.05194045950702,10,0,0.0,ok,within_subject_eeg_shuffle,1,425251,True
no_wake,0,lag_0,MCEEG_next,D0_MCEEG_next_given_MCEEG,D1_MCEEG_next_given_MCEEG_RNG,True,False,0.8,0.8,0.0,-3759.358410705005,-3851.7088074889975,-92.35039678399244,8087.642642743461,8841.269257644895,-753.6266149014346,7662.71682141001,7991.417614977995,-328.7007935679849,10,0,0.0,ok,within_subject_eeg_shuffle,1,425251,True
no_wake,0,lag_0,RNG_next,C2_RNG_next_given_RNG,D2_RNG_next_given_RNG_MCEEG,True,False,0.0,0.0,0.0,-1870.0504208475213,-1871.380348723805,-1.3299278762838185,3755.9028557990273,3884.9788243834737,-129.0759685844464,3744.1008416950426,3778.76069744761,-34.65985575256764,10,2,0.2,ok,within_subject_eeg_shuffle,1,425251,True
stable_sleep,0,lag_0,MCEEG_next,D0_MCEEG_next_given_MCEEG,D1_MCEEG_next_given_MCEEG_RNG,True,False,0.8,0.8,0.0,-2942.09709014448,-3034.902559093147,-92.80546894866713,6424.984578433974,7151.385914476324,-726.4013360423496,6028.19418028896,6357.805118186294,-329.6109378973342,10,1,0.1,ok,within_subject_eeg_shuffle,1,425251,True
stable_sleep,0,lag_0,RNG_next,C2_RNG_next_given_RNG,D2_RNG_next_given_RNG_MCEEG,True,False,0.0,0.0,0.0,-1267.0309236091891,-1276.686395431131,-9.655471821941774,2549.082708331134,2688.560540877066,-139.47783254593196,2538.0618472183783,2589.372790862262,-51.31094364388355,10,3,0.3,ok,within_subject_eeg_shuffle,1,425251,True
full,0,lag_0,MCEEG_next,D0_MCEEG_next_given_MCEEG,D1_MCEEG_next_given_MCEEG_RNG,True,False,0.0,0.0,0.0,-16309.485454028032,-16322.097965510871,-12.612511482839182,33268.56944700603,33943.39300892168,-674.8235619156476,32762.970908056064,32932.19593102174,-169.22502296567836,10,0,0.0,ok,within_subject_eeg_shuffle,2,426260,True
full,0,lag_0,RNG_next,C2_RNG_next_given_RNG,D2_RNG_next_given_RNG_MCEEG,True,False,0.8,0.0,-0.8,-5744.958485936534,-5750.410741770103,-5.452255833569325,11507.96137573279,11663.2211182777,-155.2597425449094,11493.916971873068,11536.821483540209,-42.90451166713865,10,1,0.1,ok,within_subject_eeg_shuffle,2,426260,True
no_wake,0,lag_0,MCEEG_next,D0_MCEEG_next_given_MCEEG,D1_MCEEG_next_given_MCEEG_RNG,True,False,0.8,0.8,0.0,-3849.4074569480063,-3919.378884462967,-69.9714275149604,8267.740735229463,8976.609411592834,-708.8686763633705,7842.8149138960125,8126.757768925933,-283.9428550299208,10,0,0.0,ok,within_subject_eeg_shuffle,2,426260,True
no_wake,0,lag_0,RNG_next,C2_RNG_next_given_RNG,D2_RNG_next_given_RNG_MCEEG,True,False,0.0,0.0,0.0,-1870.0504208475213,-1868.412022311831,1.638398535690385,3755.9028557990273,3879.042171559525,-123.139315760498,3744.1008416950426,3772.824044623662,-28.72320292861923,10,1,0.1,ok,within_subject_eeg_shuffle,2,426260,True
stable_sleep,0,lag_0,MCEEG_next,D0_MCEEG_next_given_MCEEG,D1_MCEEG_next_given_MCEEG_RNG,True,False,0.8,0.8,0.0,-2890.7435913222453,-2985.28216692186,-94.53857559961487,6322.277580789505,7052.14513013375,-729.8675493442452,5925.4871826444905,6258.56433384372,-333.0771511992298,10,0,0.0,ok,within_subject_eeg_shuffle,2,426260,True
stable_sleep,0,lag_0,RNG_next,C2_RNG_next_given_RNG,D2_RNG_next_given_RNG_MCEEG,True,False,0.0,0.0,0.0,-1267.0309236091891,-1272.5645103122297,-5.533586703040555,2549.082708331134,2680.3167706392637,-131.23406230812907,2538.0618472183783,2581.12902062446,-43.06717340608111,10,2,0.2,ok,within_subject_eeg_shuffle,2,426260,True
full,0,lag_0,MCEEG_next,D0_MCEEG_next_given_MCEEG,D1_MCEEG_next_given_MCEEG_RNG,True,False,0.0,0.0,0.0,-16247.914449665966,-16269.179432095478,-21.26498242951129,33145.4274382819,33837.55594209089,-692.1285038089918,32639.828899331933,32826.35886419096,-186.52996485902625,10,0,0.0,ok,within_subject_eeg_shuffle,3,427269,True
full,0,lag_0,RNG_next,C2_RNG_next_given_RNG,D2_RNG_next_given_RNG_MCEEG,True,False,0.8,0.8,0.0,-5744.958485936534,-5743.899938879888,1.0585470566466029,11507.96137573279,11650.199512497267,-142.23813676447753,11493.916971873068,11523.799877759777,-29.882905886706794,10,1,0.1,ok,within_subject_eeg_shuffle,3,427269,True
no_wake,0,lag_0,MCEEG_next,D0_MCEEG_next_given_MCEEG,D1_MCEEG_next_given_MCEEG_RNG,True,False,0.8,0.8,0.0,-3740.9469665091297,-3834.541012208787,-93.59404569965729,8050.81975435171,8806.933667084475,-756.1139127327651,7625.893933018259,7957.082024417574,-331.18809139931454,10,0,0.0,ok,within_subject_eeg_shuffle,3,427269,True
no_wake,0,lag_0,RNG_next,C2_RNG_next_given_RNG,D2_RNG_next_given_RNG_MCEEG,True,False,0.0,0.0,0.0,-1870.0504208475213,-1879.8289976584972,-9.77857681097612,3755.9028557990273,3901.8761222528574,-145.973266453831,3744.1008416950426,3795.657995316995,-51.55715362195224,10,3,0.3,ok,within_subject_eeg_shuffle,3,427269,True
stable_sleep,0,lag_0,MCEEG_next,D0_MCEEG_next_given_MCEEG,D1_MCEEG_next_given_MCEEG_RNG,True,False,0.8,0.8,0.0,-2889.726210355252,-2989.934298965104,-100.20808860985198,6320.242818855519,7061.449394220238,-741.2065753647194,5923.452420710504,6267.868597930208,-344.416177219704,10,1,0.1,ok,within_subject_eeg_shuffle,3,427269,False
stable_sleep,0,lag_0,RNG_next,C2_RNG_next_given_RNG,D2_RNG_next_given_RNG_MCEEG,True,False,0.0,0.0,0.0,-1267.0309236091891,-1269.0500445700325,-2.0191209608433383,2549.082708331134,2673.2878391548693,-124.20513082373508,2538.0618472183783,2574.100089140065,-36.03824192168668,10,3,0.3,ok,within_subject_eeg_shuffle,3,427269,False
full,0,lag_0,MCEEG_next,D0_MCEEG_next_given_MCEEG,D1_MCEEG_next_given_MCEEG_RNG,True,False,0.0,0.0,0.0,-16276.581916890174,-16286.276020310544,-9.694103420370084,33202.762372730314,33871.749118521024,-668.9867457907094,32697.16383378035,32860.552040621085,-163.38820684073653,10,0,0.0,ok,within_subject_eeg_shuffle,4,428278,True
full,0,lag_0,RNG_next,C2_RNG_next_given_RNG,D2_RNG_next_given_RNG_MCEEG,True,False,0.8,0.0,-0.8,-5744.958485936534,-5747.906530591036,-2.948044654502155,11507.96137573279,11658.212695919565,-150.25132018677505,11493.916971873068,11531.813061182072,-37.89608930900431,10,0,0.0,ok,within_subject_eeg_shuffle,4,428278,True
no_wake,0,lag_0,MCEEG_next,D0_MCEEG_next_given_MCEEG,D1_MCEEG_next_given_MCEEG_RNG,True,False,0.8,0.8,0.0,-3868.194338651272,-4046.4144039283806,-178.22006527710892,8305.314498635993,9230.68045052366,-925.3659518876684,7880.388677302543,8380.82880785676,-500.4401305542169,10,0,0.0,ok,within_subject_eeg_shuffle,4,428278,False
no_wake,0,lag_0,RNG_next,C2_RNG_next_given_RNG,D2_RNG_next_given_RNG_MCEEG,True,False,0.0,0.0,0.0,-1870.0504208475213,-1875.8700843291003,-5.819663481579028,3755.9028557990273,3893.958295594064,-138.05543979503682,3744.1008416950426,3787.7401686582007,-43.639326963158055,10,1,0.1,ok,within_subject_eeg_shuffle,4,428278,False
stable_sleep,0,lag_0,MCEEG_next,D0_MCEEG_next_given_MCEEG,D1_MCEEG_next_given_MCEEG_RNG,True,False,0.8,0.8,0.0,-2955.405186837807,-2988.365681098523,-32.96049426071613,6451.600771820628,7058.312158487076,-606.7113866664477,6054.810373675614,6264.731362197046,-209.92098852143224,10,0,0.0,ok,within_subject_eeg_shuffle,4,428278,True
stable_sleep,0,lag_0,RNG_next,C2_RNG_next_given_RNG,D2_RNG_next_given_RNG_MCEEG,True,False,0.0,0.0,0.0,-1267.0309236091891,-1269.938961893094,-2.9080382839049435,2549.082708331134,2675.065673800992,-125.98296546985785,2538.0618472183783,2575.877923786188,-37.81607656780989,10,3,0.3,ok,within_subject_eeg_shuffle,4,428278,True
full,0,lag_0,MCEEG_next,D0_MCEEG_next_given_MCEEG,D1_MCEEG_next_given_MCEEG_RNG,True,False,0.0,0.0,0.0,-16234.223508077024,-16260.59621657088,-26.372708493856408,33118.045555104014,33820.3895110417,-702.3439559376857,32612.44701615405,32809.19243314176,-196.7454169877128,10,0,0.0,ok,within_subject_eeg_shuffle,5,429287,True
full,0,lag_0,RNG_next,C2_RNG_next_given_RNG,D2_RNG_next_given_RNG_MCEEG,True,False,0.8,0.0,-0.8,-5744.958485936534,-5749.06233524767,-4.103849311135491,11507.96137573279,11660.524305232831,-152.56292950004172,11493.916971873068,11534.12467049534,-40.20769862227098,10,1,0.1,ok,within_subject_eeg_shuffle,5,429287,True
no_wake,0,lag_0,MCEEG_next,D0_MCEEG_next_given_MCEEG,D1_MCEEG_next_given_MCEEG_RNG,True,False,0.8,0.8,0.0,-3839.975874202924,-3925.60047572401,-85.62460152108633,8248.877569739298,8989.05259411492,-740.1750243756233,7823.951748405847,8139.20095144802,-315.24920304217267,10,0,0.0,ok,within_subject_eeg_shuffle,5,429287,True
no_wake,0,lag_0,RNG_next,C2_RNG_next_given_RNG,D2_RNG_next_given_RNG_MCEEG,True,False,0.0,0.0,0.0,-1870.0504208475213,-1877.5437257891704,-7.493304941649058,3755.9028557990273,3897.305578514204,-141.40272271517688,3744.1008416950426,3791.0874515783407,-46.98660988329812,10,2,0.2,ok,within_subject_eeg_shuffle,5,429287,True
stable_sleep,0,lag_0,MCEEG_next,D0_MCEEG_next_given_MCEEG,D1_MCEEG_next_given_MCEEG_RNG,True,False,0.8,0.8,0.0,-2910.587213154405,-3054.7865117404563,-144.1992985860511,6361.964824453825,7191.153819770942,-829.1889953171176,5965.17442630881,6397.5730234809125,-432.3985971721022,10,2,0.2,ok,within_subject_eeg_shuffle,5,429287,False
stable_sleep,0,lag_0,RNG_next,C2_RNG_next_given_RNG,D2_RNG_next_given_RNG_MCEEG,True,False,0.0,0.0,0.0,-1267.0309236091891,-1275.3690462675677,-8.338122658378552,2549.082708331134,2685.9258425499397,-136.84313421880506,2538.0618472183783,2586.738092535136,-48.676245316757104,10,1,0.1,ok,within_subject_eeg_shuffle,5,429287,False
full,0,lag_0,MCEEG_next,D0_MCEEG_next_given_MCEEG,D1_MCEEG_next_given_MCEEG_RNG,True,False,0.0,0.0,0.0,-16306.926455385585,-16333.723268192727,-26.796812807144303,33263.451449721135,33966.64361428539,-703.1921645642578,32757.85291077117,32955.446536385454,-197.59362561428495,10,0,0.0,ok,within_subject_eeg_shuffle,6,430296,True
full,0,lag_0,RNG_next,C2_RNG_next_given_RNG,D2_RNG_next_given_RNG_MCEEG,True,False,0.8,0.8,0.0,-5744.958485936534,-5750.810601234891,-5.8521152983566935,11507.96137573279,11664.020837207274,-156.05946147448412,11493.916971873068,11537.621202469782,-43.70423059671339,10,1,0.1,ok,within_subject_eeg_shuffle,6,430296,True
no_wake,0,lag_0,MCEEG_next,D0_MCEEG_next_given_MCEEG,D1_MCEEG_next_given_MCEEG_RNG,True,False,0.8,0.8,0.0,-3783.5186396670606,-3891.732621303964,-108.2139816369031,8135.963100667572,8921.316885274828,-785.3537846072559,7711.037279334121,8071.465242607927,-360.4279632738062,10,1,0.1,ok,within_subject_eeg_shuffle,6,430296,True
no_wake,0,lag_0,RNG_next,C2_RNG_next_given_RNG,D2_RNG_next_given_RNG_MCEEG,True,False,0.0,0.0,0.0,-1870.0504208475213,-1876.2544104011772,-6.203989553656129,3755.9028557990273,3894.7269477382174,-138.82409193919102,3744.1008416950426,3788.508820802355,-44.40797910731226,10,4,0.4,ok,within_subject_eeg_shuffle,6,430296,True
stable_sleep,0,lag_0,MCEEG_next,D0_MCEEG_next_given_MCEEG,D1_MCEEG_next_given_MCEEG_RNG,True,False,0.8,0.8,0.0,-2923.421532679016,-2985.091443579195,-61.66991090017928,6387.633463503046,7051.76368344842,-664.1302199453739,5990.843065358032,6258.18288715839,-267.3398218003585,10,0,0.0,ok,within_subject_eeg_shuffle,6,430296,True
stable_sleep,0,lag_0,RNG_next,C2_RNG_next_given_RNG,D2_RNG_next_given_RNG_MCEEG,True,False,0.0,0.0,0.0,-1267.0309236091891,-1272.0006886174565,-4.969765008267359,2549.082708331134,2679.189127249717,-130.10641891858268,2538.0618472183783,2580.001377234913,-41.93953001653472,10,2,0.2,ok,within_subject_eeg_shuffle,6,430296,True
full,0,lag_0,MCEEG_next,D0_MCEEG_next_given_MCEEG,D1_MCEEG_next_given_MCEEG_RNG,True,False,0.0,0.0,0.0,-16272.014784951942,-16319.278956223396,-47.26417127145578,33193.62810885385,33937.75499034673,-744.1268814928771,32688.029569903883,32926.55791244679,-238.52834254290792,10,0,0.0,ok,within_subject_eeg_shuffle,7,431305,True
full,0,lag_0,RNG_next,C2_RNG_next_given_RNG,D2_RNG_next_given_RNG_MCEEG,True,False,0.8,0.8,0.0,-5744.958485936534,-5746.659365251548,-1.7008793150134809,11507.96137573279,11655.718365240587,-147.7569895077977,11493.916971873068,11529.318730503095,-35.40175863002696,10,2,0.2,ok,within_subject_eeg_shuffle,7,431305,True
no_wake,0,lag_0,MCEEG_next,D0_MCEEG_next_given_MCEEG,D1_MCEEG_next_given_MCEEG_RNG,True,False,0.8,0.8,0.0,-3862.546986513401,-3948.3727289259514,-85.82574241254997,8294.01979436025,9034.597100518802,-740.5773061585514,7869.093973026801,8184.745457851901,-315.65148482509994,10,0,0.0,ok,within_subject_eeg_shuffle,7,431305,True
no_wake,0,lag_0,RNG_next,C2_RNG_next_given_RNG,D2_RNG_next_given_RNG_MCEEG,True,False,0.0,0.0,0.0,-1870.0504208475213,-1871.883179923558,-1.8327590760368369,3755.9028557990273,3885.98448678298,-130.08163098395244,3744.1008416950426,3779.766359847116,-35.66551815207367,10,0,0.0,ok,within_subject_eeg_shuffle,7,431305,True
stable_sleep,0,lag_0,MCEEG_next,D0_MCEEG_next_given_MCEEG,D1_MCEEG_next_given_MCEEG_RNG,True,False,0.8,0.8,0.0,-2859.6573567147407,-2949.398683457216,-89.74132674247494,6260.105111574496,6980.378163204461,-720.2730516299653,5863.314713429481,6186.797366914431,-323.4826534849499,10,1,0.1,ok,within_subject_eeg_shuffle,7,431305,True
stable_sleep,0,lag_0,RNG_next,C2_RNG_next_given_RNG,D2_RNG_next_given_RNG_MCEEG,True,False,0.0,0.0,0.0,-1267.0309236091891,-1268.9149711966527,-1.884047587463556,2549.082708331134,2673.0176924081097,-123.93498407697552,2538.0618472183783,2573.8299423933054,-35.76809517492711,10,3,0.3,ok,within_subject_eeg_shuffle,7,431305,True
full,0,lag_0,MCEEG_next,D0_MCEEG_next_given_MCEEG,D1_MCEEG_next_given_MCEEG_RNG,True,False,0.0,0.0,0.0,-16274.06278478041,-16288.306058458687,-14.243273678277546,33197.72410851079,33875.80919481731,-678.0850863065207,32692.12556956082,32864.61211691737,-172.48654735655143,10,0,0.0,ok,within_subject_eeg_shuffle,8,432314,True
full,0,lag_0,RNG_next,C2_RNG_next_given_RNG,D2_RNG_next_given_RNG_MCEEG,True,False,0.8,0.0,-0.8,-5744.958485936534,-5746.704484825949,-1.7459988894152048,11507.96137573279,11655.80860438939,-147.84722865660115,11493.916971873068,11529.4089696519,-35.49199777883041,10,0,0.0,ok,within_subject_eeg_shuffle,8,432314,True
no_wake,0,lag_0,MCEEG_next,D0_MCEEG_next_given_MCEEG,D1_MCEEG_next_given_MCEEG_RNG,True,False,0.8,0.8,0.0,-3787.350585754806,-3863.9538615333713,-76.60327577856515,8143.626992843063,8865.759365733644,-722.1323728905809,7718.701171509612,8015.907723066743,-297.2065515571303,10,1,0.1,ok,within_subject_eeg_shuffle,8,432314,True
no_wake,0,lag_0,RNG_next,C2_RNG_next_given_RNG,D2_RNG_next_given_RNG_MCEEG,True,False,0.0,0.0,0.0,-1870.0504208475213,-1869.4826284434184,0.5677924041031019,3755.9028557990273,3881.1833838227,-125.28052802367256,3744.1008416950426,3774.965256886837,-30.8644151917938,10,0,0.0,ok,within_subject_eeg_shuffle,8,432314,True
stable_sleep,0,lag_0,MCEEG_next,D0_MCEEG_next_given_MCEEG,D1_MCEEG_next_given_MCEEG_RNG,True,False,0.8,0.8,0.0,-2899.766049239611,-3151.005972724596,-251.2399234849845,6340.322496624237,7383.592741739221,-1043.2702451149844,5943.532098479222,6590.011945449191,-646.479846969969,10,0,0.0,ok,within_subject_eeg_shuffle,8,432314,False
stable_sleep,0,lag_0,RNG_next,C2_RNG_next_given_RNG,D2_RNG_next_given_RNG_MCEEG,True,False,0.0,0.0,0.0,-1267.0309236091891,-1268.0600591724583,-1.0291355632693922,2549.082708331134,2671.3078683597214,-122.2251600285872,2538.0618472183783,2572.120118344917,-34.058271126538784,10,1,0.1,ok,within_subject_eeg_shuffle,8,432314,False
full,0,lag_0,MCEEG_next,D0_MCEEG_next_given_MCEEG,D1_MCEEG_next_given_MCEEG_RNG,True,False,0.0,0.0,0.0,-16207.271614367222,-16230.804490969378,-23.53287660215574,33064.141767684414,33760.806059838695,-696.6642921542807,32558.543228734445,32749.60898193876,-191.06575320431148,10,0,0.0,ok,within_subject_eeg_shuffle,9,433323,True
full,0,lag_0,RNG_next,C2_RNG_next_given_RNG,D2_RNG_next_given_RNG_MCEEG,True,False,0.8,0.0,-0.8,-5744.958485936534,-5747.614261382097,-2.65577544556254,11507.96137573279,11657.628157501686,-149.66678176889582,11493.916971873068,11531.228522764191,-37.31155089112508,10,1,0.1,ok,within_subject_eeg_shuffle,9,433323,True
no_wake,0,lag_0,MCEEG_next,D0_MCEEG_next_given_MCEEG,D1_MCEEG_next_given_MCEEG_RNG,True,False,0.8,0.8,0.0,-3790.788258072183,-3888.23162824082,-97.44337016863756,8150.502337477816,8914.314899148541,-763.8125616707257,7725.576516144365,8064.46325648164,-338.8867403372751,10,0,0.0,ok,within_subject_eeg_shuffle,9,433323,True
no_wake,0,lag_0,RNG_next,C2_RNG_next_given_RNG,D2_RNG_next_given_RNG_MCEEG,True,False,0.0,0.0,0.0,-1870.0504208475213,-1873.916261647588,-3.865840800066508,3755.9028557990273,3890.050650231039,-134.14779443201178,3744.1008416950426,3783.832523295176,-39.731681600133015,10,1,0.1,ok,within_subject_eeg_shuffle,9,433323,True
stable_sleep,0,lag_0,MCEEG_next,D0_MCEEG_next_given_MCEEG,D1_MCEEG_next_given_MCEEG_RNG,True,False,0.8,0.8,0.0,-2969.268680344273,-3099.274418797342,-130.00573845306917,6479.32775883356,7280.129633884714,-800.8018750511537,6082.537360688546,6486.548837594684,-404.0114769061384,10,0,0.0,ok,within_subject_eeg_shuffle,9,433323,True
stable_sleep,0,lag_0,RNG_next,C2_RNG_next_given_RNG,D2_RNG_next_given_RNG_MCEEG,True,False,0.0,0.0,0.0,-1267.0309236091891,-1269.2132424540716,-2.182318844882502,2549.082708331134,2673.614234922948,-124.53152659181342,2538.0618472183783,2574.4264849081437,-36.36463768976501,10,1,0.1,ok,within_subject_eeg_shuffle,9,433323,True
full,0,lag_0,MCEEG_next,D0_MCEEG_next_given_MCEEG,D1_MCEEG_next_given_MCEEG_RNG,True,False,0.0,0.0,0.0,-16365.7885079427,-16380.090711474397,-14.30220353169716,33381.17555483537,34059.37850084873,-678.2029460133635,32875.5770158854,33048.18142294879,-172.60440706339432,10,0,0.0,ok,within_subject_eeg_shuffle,10,434332,True
full,0,lag_0,RNG_next,C2_RNG_next_given_RNG,D2_RNG_next_given_RNG_MCEEG,True,False,0.8,0.0,-0.8,-5744.958485936534,-5748.63873046564,-3.680244529105949,11507.96137573279,11659.677095668772,-151.71571993598263,11493.916971873068,11533.27746093128,-39.3604890582119,10,1,0.1,ok,within_subject_eeg_shuffle,10,434332,True
no_wake,0,lag_0,MCEEG_next,D0_MCEEG_next_given_MCEEG,D1_MCEEG_next_given_MCEEG_RNG,True,False,0.8,0.8,0.0,-3785.815610900117,-3828.3142894909984,-42.49867859088136,8140.557043133685,8794.480221648897,-653.9231785152124,7715.631221800234,7944.628578981997,-228.9973571817627,10,0,0.0,ok,within_subject_eeg_shuffle,10,434332,True
no_wake,0,lag_0,RNG_next,C2_RNG_next_given_RNG,D2_RNG_next_given_RNG_MCEEG,True,False,0.0,0.0,0.0,-1870.0504208475213,-1877.194900036164,-7.144479188642663,3755.9028557990273,3896.607927008192,-140.7050712091641,3744.1008416950426,3790.389800072328,-46.288958377285326,10,1,0.1,ok,within_subject_eeg_shuffle,10,434332,True
stable_sleep,0,lag_0,MCEEG_next,D0_MCEEG_next_given_MCEEG,D1_MCEEG_next_given_MCEEG_RNG,True,False,0.8,0.8,0.0,-2887.3046468351736,-2950.7616774708263,-63.4570306356527,6315.399691815362,6983.104151231682,-667.7044594163208,5918.609293670347,6189.5233549416525,-270.9140612713054,10,1,0.1,ok,within_subject_eeg_shuffle,10,434332,True
stable_sleep,0,lag_0,RNG_next,C2_RNG_next_given_RNG,D2_RNG_next_given_RNG_MCEEG,True,False,0.0,0.0,0.0,-1267.0309236091891,-1269.187284495991,-2.156360886801849,2549.082708331134,2673.5623190067863,-124.47961067565213,2538.0618472183783,2574.374568991982,-36.3127217736037,10,1,0.1,ok,within_subject_eeg_shuffle,10,434332,True
full,0,lag_0,MCEEG_next,D0_MCEEG_next_given_MCEEG,D1_MCEEG_next_given_MCEEG_RNG,True,False,0.0,0.0,0.0,-16302.401236556314,-16334.244725998997,-31.843489442682767,33254.4010120626,33967.68652989793,-713.2855178353348,32748.802473112628,32956.48945199799,-207.68697888536556,10,0,0.0,ok,within_subject_eeg_shuffle,11,435341,True
full,0,lag_0,RNG_next,C2_RNG_next_given_RNG,D2_RNG_next_given_RNG_MCEEG,True,False,0.8,0.8,0.0,-5744.958485936534,-5748.849739260605,-3.891253324070931,11507.96137573279,11660.099113258702,-152.1377375259126,11493.916971873068,11533.69947852121,-39.78250664814186,10,0,0.0,ok,within_subject_eeg_shuffle,11,435341,True
no_wake,0,lag_0,MCEEG_next,D0_MCEEG_next_given_MCEEG,D1_MCEEG_next_given_MCEEG_RNG,True,False,0.8,0.8,0.0,-3853.5931606037934,-3947.1420685508406,-93.54890794704625,8276.112142541038,9032.13577976858,-756.0236372275431,7851.186321207589,8182.284137101681,-331.0978158940925,10,0,0.0,ok,within_subject_eeg_shuffle,11,435341,True
no_wake,0,lag_0,RNG_next,C2_RNG_next_given_RNG,D2_RNG_next_given_RNG_MCEEG,True,False,0.0,0.0,0.0,-1870.0504208475213,-1873.2739358159963,-3.2235149684750013,3755.9028557990273,3888.765998567856,-132.86314276882877,3744.1008416950426,3782.5478716319926,-38.44702993695,10,0,0.0,ok,within_subject_eeg_shuffle,11,435341,True
stable_sleep,0,lag_0,MCEEG_next,D0_MCEEG_next_given_MCEEG,D1_MCEEG_next_given_MCEEG_RNG,True,False,0.8,0.8,0.0,-2921.712163330385,-2970.317087387381,-48.60492405699642,6384.2147248057845,7022.214971064793,-638.0002462590082,5987.42432666077,6228.634174774763,-241.20984811399285,10,0,0.0,ok,within_subject_eeg_shuffle,11,435341,True
stable_sleep,0,lag_0,RNG_next,C2_RNG_next_given_RNG,D2_RNG_next_given_RNG_MCEEG,True,False,0.0,0.0,0.0,-1267.0309236091891,-1269.9515022748917,-2.9205786657025783,2549.082708331134,2675.090754564588,-126.00804623345356,2538.0618472183783,2575.9030045497834,-37.84115733140516,10,3,0.3,ok,within_subject_eeg_shuffle,11,435341,True
full,0,lag_0,MCEEG_next,D0_MCEEG_next_given_MCEEG,D1_MCEEG_next_given_MCEEG_RNG,True,False,0.0,0.0,0.0,-11561.514720373229,-11644.130589351742,-82.61586897851521,23772.627979696423,24587.45825660342,-814.830276906996,23267.029440746453,23576.261178703484,-309.2317379570304,10,0,0.0,ok,within_subject_rng_shuffle,0,424242,True
full,0,lag_0,RNG_next,C2_RNG_next_given_RNG,D2_RNG_next_given_RNG_MCEEG,True,False,0.8,0.0,-0.8,-5744.141435442163,-5750.701340894812,-6.559905452649218,11506.327274744048,11663.802316527115,-157.47504178306917,11492.282870884326,11537.402681789625,-45.11981090529844,10,0,0.0,ok,within_subject_rng_shuffle,0,424242,True
no_wake,0,lag_0,MCEEG_next,D0_MCEEG_next_given_MCEEG,D1_MCEEG_next_given_MCEEG_RNG,True,False,0.8,0.8,0.0,-3314.352501537434,-3375.8287303338057,-61.47622879637174,7197.630824408318,7889.509103334512,-691.8782789261941,6772.705003074868,7039.657460667611,-266.9524575927435,10,1,0.1,ok,within_subject_rng_shuffle,0,424242,True
no_wake,0,lag_0,RNG_next,C2_RNG_next_given_RNG,D2_RNG_next_given_RNG_MCEEG,True,False,0.0,0.0,0.0,-1870.351814953881,-1873.24594514208,-2.89413018819846,3756.505644011747,3888.710017220023,-132.20437320827568,3744.703629907762,3782.491890284159,-37.78826037639692,10,3,0.3,ok,within_subject_rng_shuffle,0,424242,True
stable_sleep,0,lag_0,MCEEG_next,D0_MCEEG_next_given_MCEEG,D1_MCEEG_next_given_MCEEG_RNG,True,False,0.8,0.8,0.0,-2596.00454148805,-2663.6485470202174,-67.64400553216728,5732.799481121115,6408.877890330465,-676.07840920935,5336.0090829761,5615.297094040435,-279.28801106433457,10,1,0.1,ok,within_subject_rng_shuffle,0,424242,True
stable_sleep,0,lag_0,RNG_next,C2_RNG_next_given_RNG,D2_RNG_next_given_RNG_MCEEG,True,False,0.0,0.0,0.0,-1266.8243958625092,-1272.3823700110215,-5.557974148512358,2548.6696528377743,2679.952490036847,-131.28283719907267,2537.6487917250183,2580.764740022043,-43.11594829702472,10,4,0.4,ok,within_subject_rng_shuffle,0,424242,True
full,0,lag_0,MCEEG_next,D0_MCEEG_next_given_MCEEG,D1_MCEEG_next_given_MCEEG_RNG,True,False,0.0,0.0,0.0,-11561.514720373229,-11614.962200603686,-53.447480230459405,23772.627979696423,24529.121479107307,-756.4934994108844,23267.029440746453,23517.92440120737,-250.8949604609188,10,0,0.0,ok,within_subject_rng_shuffle,1,425251,True
full,0,lag_0,RNG_next,C2_RNG_next_given_RNG,D2_RNG_next_given_RNG_MCEEG,True,False,0.8,0.8,0.0,-5744.614986000235,-5750.154043477089,-5.539057476853486,11507.274375860192,11662.70772169167,-155.4333458314777,11493.22997200047,11536.308086954175,-43.07811495370697,10,1,0.1,ok,within_subject_rng_shuffle,1,425251,True
no_wake,0,lag_0,MCEEG_next,D0_MCEEG_next_given_MCEEG,D1_MCEEG_next_given_MCEEG_RNG,True,False,0.8,0.8,0.0,-3314.352501537434,-3432.4228001072684,-118.07029856983443,7197.630824408318,8002.697242881437,-805.0664184731186,6772.705003074868,7152.845600214537,-380.1405971396689,10,0,0.0,ok,within_subject_rng_shuffle,1,425251,True
no_wake,0,lag_0,RNG_next,C2_RNG_next_given_RNG,D2_RNG_next_given_RNG_MCEEG,True,False,0.0,0.0,0.0,-1870.5555810338317,-1874.527002110652,-3.971421076820661,3756.913176171648,3891.272131157168,-134.35895498552009,3745.111162067663,3785.054004221304,-39.94284215364132,10,4,0.4,ok,within_subject_rng_shuffle,1,425251,True
stable_sleep,0,lag_0,MCEEG_next,D0_MCEEG_next_given_MCEEG,D1_MCEEG_next_given_MCEEG_RNG,True,False,0.8,0.8,0.0,-2596.00454148805,-2686.3729962716416,-90.36845478359146,5732.799481121115,6454.326788833313,-721.5273077121983,5336.0090829761,5660.745992543283,-324.7369095671829,10,1,0.1,ok,within_subject_rng_shuffle,1,425251,True
stable_sleep,0,lag_0,RNG_next,C2_RNG_next_given_RNG,D2_RNG_next_given_RNG_MCEEG,True,False,0.0,0.0,0.0,-1267.1701892903714,-1269.7022112829873,-2.5320219926159098,2549.361239693498,2674.5921725807784,-125.23093288727978,2538.3403785807427,2575.4044225659745,-37.06404398523182,10,3,0.3,ok,within_subject_rng_shuffle,1,425251,True
full,0,lag_0,MCEEG_next,D0_MCEEG_next_given_MCEEG,D1_MCEEG_next_given_MCEEG_RNG,True,False,0.0,0.0,0.0,-11561.514720373229,-11598.674833165656,-37.16011279242957,23772.627979696423,24496.546744231247,-723.9187645348247,23267.029440746453,23485.349666331316,-218.32022558485917,10,0,0.0,ok,within_subject_rng_shuffle,2,426260,True
full,0,lag_0,RNG_next,C2_RNG_next_given_RNG,D2_RNG_next_given_RNG_MCEEG,True,False,0.8,0.0,-0.8,-5745.242335402478,-5749.041690703757,-3.79935530127932,11508.529074664675,11660.483016145006,-151.95394148032938,11494.484670804955,11534.083381407514,-39.59871060255864,10,0,0.0,ok,within_subject_rng_shuffle,2,426260,True
no_wake,0,lag_0,MCEEG_next,D0_MCEEG_next_given_MCEEG,D1_MCEEG_next_given_MCEEG_RNG,True,False,0.8,0.8,0.0,-3314.352501537434,-3403.285939688349,-88.93343815091521,7197.630824408318,7944.4235220435985,-746.7926976352801,6772.705003074868,7094.571879376698,-321.8668763018304,10,0,0.0,ok,within_subject_rng_shuffle,2,426260,True
no_wake,0,lag_0,RNG_next,C2_RNG_next_given_RNG,D2_RNG_next_given_RNG_MCEEG,True,False,0.0,0.0,0.0,-1870.6032563315189,-1877.425589393978,-6.822333062459393,3757.008526767022,3897.06930572382,-140.06077895679755,3745.206512663037,3790.851178787956,-45.64466612491879,10,2,0.2,ok,within_subject_rng_shuffle,2,426260,True
stable_sleep,0,lag_0,MCEEG_next,D0_MCEEG_next_given_MCEEG,D1_MCEEG_next_given_MCEEG_RNG,True,False,0.8,0.8,0.0,-2596.00454148805,-2684.8023061511503,-88.79776466310022,5732.799481121115,6451.1854085923305,-718.3859274712158,5336.0090829761,5657.604612302301,-321.59552932620045,10,2,0.2,ok,within_subject_rng_shuffle,2,426260,True
stable_sleep,0,lag_0,RNG_next,C2_RNG_next_given_RNG,D2_RNG_next_given_RNG_MCEEG,True,False,0.0,0.0,0.0,-1266.2845594450932,-1267.655546185396,-1.3709867403028966,2547.5899800029424,2670.4988423855966,-122.9088623826542,2536.5691188901865,2571.3110923707923,-34.74197348060579,10,3,0.3,ok,within_subject_rng_shuffle,2,426260,True
full,0,lag_0,MCEEG_next,D0_MCEEG_next_given_MCEEG,D1_MCEEG_next_given_MCEEG_RNG,True,False,0.0,0.0,0.0,-11561.514720373229,-11714.309877661995,-152.79515728876868,23772.627979696423,24727.81683322393,-955.1888535275028,23267.029440746453,23716.61975532399,-449.59031457753736,10,0,0.0,ok,within_subject_rng_shuffle,3,427269,True
full,0,lag_0,RNG_next,C2_RNG_next_given_RNG,D2_RNG_next_given_RNG_MCEEG,True,False,0.8,0.0,-0.8,-5745.059321548148,-5749.8055884142495,-4.746266866101905,11508.163046956017,11662.010811565991,-153.84776460997455,11494.118643096295,11535.6111768285,-41.49253373220381,10,0,0.0,ok,within_subject_rng_shuffle,3,427269,True
no_wake,0,lag_0,MCEEG_next,D0_MCEEG_next_given_MCEEG,D1_MCEEG_next_given_MCEEG_RNG,True,False,0.8,0.8,0.0,-3314.352501537434,-3413.273531209635,-98.92102967220126,7197.630824408318,7964.398705086171,-766.7678806778522,6772.705003074868,7114.54706241927,-341.8420593444025,10,0,0.0,ok,within_subject_rng_shuffle,3,427269,True
no_wake,0,lag_0,RNG_next,C2_RNG_next_given_RNG,D2_RNG_next_given_RNG_MCEEG,True,False,0.0,0.0,0.0,-1870.7368105829487,-1875.9982363384872,-5.261425755538539,3757.275635269882,3894.214599612838,-136.93896434295584,3745.4736211658974,3787.9964726769754,-42.52285151107708,10,1,0.1,ok,within_subject_rng_shuffle,3,427269,True
stable_sleep,0,lag_0,MCEEG_next,D0_MCEEG_next_given_MCEEG,D1_MCEEG_next_given_MCEEG_RNG,True,False,0.8,0.8,0.0,-2596.00454148805,-2657.1534943727765,-61.14895288472644,5732.799481121115,6395.887785035583,-663.0883039144683,5336.0090829761,5602.306988745553,-266.2979057694529,10,1,0.1,ok,within_subject_rng_shuffle,3,427269,True
stable_sleep,0,lag_0,RNG_next,C2_RNG_next_given_RNG,D2_RNG_next_given_RNG_MCEEG,True,False,0.0,0.0,0.0,-1267.5857912528834,-1270.265704399029,-2.6799131461452816,2550.1924436185227,2675.7191588128617,-125.52671519433898,2539.1715825057668,2576.5314087980573,-37.35982629229056,10,3,0.3,ok,within_subject_rng_shuffle,3,427269,True
full,0,lag_0,MCEEG_next,D0_MCEEG_next_given_MCEEG,D1_MCEEG_next_given_MCEEG_RNG,True,False,0.0,0.0,0.0,-11561.514720373229,-11658.290297669955,-96.77557729672844,23772.627979696423,24615.777673239845,-843.1496935434225,23267.029440746453,23604.58059533991,-337.5511545934569,10,0,0.0,ok,within_subject_rng_shuffle,4,428278,True
full,0,lag_0,RNG_next,C2_RNG_next_given_RNG,D2_RNG_next_given_RNG_MCEEG,True,False,0.0,0.0,0.0,-5745.322701044026,-5751.13445337634,-5.811752332313517,11508.689805947772,11664.668541490171,-155.97873554239777,11494.645402088052,11538.26890675268,-43.62350466462704,10,0,0.0,ok,within_subject_rng_shuffle,4,428278,True
no_wake,0,lag_0,MCEEG_next,D0_MCEEG_next_given_MCEEG,D1_MCEEG_next_given_MCEEG_RNG,True,False,0.8,0.8,0.0,-3314.352501537434,-3441.067051812732,-126.71455027529828,7197.630824408318,8019.985746292365,-822.3549218840462,6772.705003074868,7170.134103625464,-397.42910055059656,10,1,0.1,ok,within_subject_rng_shuffle,4,428278,True
no_wake,0,lag_0,RNG_next,C2_RNG_next_given_RNG,D2_RNG_next_given_RNG_MCEEG,True,False,0.0,0.0,0.0,-1870.329363830902,-1875.54191487977,-5.212551048868136,3756.460741765789,3893.301956695404,-136.84121492961503,3744.658727661804,3787.08382975954,-42.42510209773627,10,1,0.1,ok,within_subject_rng_shuffle,4,428278,True
stable_sleep,0,lag_0,MCEEG_next,D0_MCEEG_next_given_MCEEG,D1_MCEEG_next_given_MCEEG_RNG,True,False,0.8,0.8,0.0,-2596.00454148805,-2638.5511073300995,-42.54656584204941,5732.799481121115,6358.683010950229,-625.8835298291142,5336.0090829761,5565.102214660199,-229.0931316840988,10,0,0.0,ok,within_subject_rng_shuffle,4,428278,True
stable_sleep,0,lag_0,RNG_next,C2_RNG_next_given_RNG,D2_RNG_next_given_RNG_MCEEG,True,False,0.0,0.0,0.0,-1267.6116575523924,-1269.252269442747,-1.6406118903546485,2550.244176217541,2673.692288900298,-123.44811268275726,2539.223315104785,2574.504538885494,-35.2812237807093,10,4,0.4,ok,within_subject_rng_shuffle,4,428278,True
full,0,lag_0,MCEEG_next,D0_MCEEG_next_given_MCEEG,D1_MCEEG_next_given_MCEEG_RNG,True,False,0.0,0.0,0.0,-11561.514720373229,-11615.95933149002,-54.44461111679448,23772.627979696423,24531.115740879977,-758.4877611835545,23267.029440746453,23519.91866298004,-252.88922223358892,10,0,0.0,ok,within_subject_rng_shuffle,5,429287,True
full,0,lag_0,RNG_next,C2_RNG_next_given_RNG,D2_RNG_next_given_RNG_MCEEG,True,False,0.8,0.8,0.0,-5745.277397198011,-5751.420356396733,-6.142959198721655,11508.599198255744,11665.240347530958,-156.64114927521405,11494.554794396025,11538.840712793466,-44.28591839744331,10,1,0.1,ok,within_subject_rng_shuffle,5,429287,True
no_wake,0,lag_0,MCEEG_next,D0_MCEEG_next_given_MCEEG,D1_MCEEG_next_given_MCEEG_RNG,True,False,0.8,0.0,-0.8,-3314.352501537434,-3413.153692775755,-98.80119123832128,7197.630824408318,7964.159028218412,-766.5282038100931,6772.705003074868,7114.30738555151,-341.60238247664256,10,0,0.0,ok,within_subject_rng_shuffle,5,429287,True
no_wake,0,lag_0,RNG_next,C2_RNG_next_given_RNG,D2_RNG_next_given_RNG_MCEEG,True,False,0.0,0.0,0.0,-1870.6013089627568,-1877.5507002783984,-6.949391315641833,3757.004632029498,3897.3195274926607,-140.31489546316243,3745.2026179255136,3791.101400556797,-45.89878263128367,10,2,0.2,ok,within_subject_rng_shuffle,5,429287,True
stable_sleep,0,lag_0,MCEEG_next,D0_MCEEG_next_given_MCEEG,D1_MCEEG_next_given_MCEEG_RNG,True,False,0.8,0.8,0.0,-2596.00454148805,-2719.116470126437,-123.11192863838689,5732.799481121115,6519.813736542904,-787.0142554217891,5336.0090829761,5726.232940252874,-390.22385727677374,10,0,0.0,ok,within_subject_rng_shuffle,5,429287,True
stable_sleep,0,lag_0,RNG_next,C2_RNG_next_given_RNG,D2_RNG_next_given_RNG_MCEEG,True,False,0.0,0.0,0.0,-1267.2116270209765,-1268.7485005819965,-1.536873561020002,2549.4441151547085,2672.6847511787964,-123.24063602408796,2538.4232540419525,2573.4970011639925,-35.073747122040004,10,3,0.3,ok,within_subject_rng_shuffle,5,429287,True
full,0,lag_0,MCEEG_next,D0_MCEEG_next_given_MCEEG,D1_MCEEG_next_given_MCEEG_RNG,True,False,0.0,0.0,0.0,-11561.514720373229,-11602.128167025849,-40.61344665262186,23772.627979696423,24503.453411951632,-730.8254322552093,23267.029440746453,23492.256334051697,-225.2268933052437,10,0,0.0,ok,within_subject_rng_shuffle,6,430296,True
full,0,lag_0,RNG_next,C2_RNG_next_given_RNG,D2_RNG_next_given_RNG_MCEEG,True,False,0.8,0.8,0.0,-5743.840133635779,-5748.116604428411,-4.276470792631699,11505.72467113128,11658.632843594314,-152.90817246303413,11491.680267271558,11532.233208856822,-40.5529415852634,10,1,0.1,ok,within_subject_rng_shuffle,6,430296,True
no_wake,0,lag_0,MCEEG_next,D0_MCEEG_next_given_MCEEG,D1_MCEEG_next_given_MCEEG_RNG,True,False,0.8,0.8,0.0,-3314.352501537434,-3392.820983791183,-78.46848225374924,7197.630824408318,7923.493610249267,-725.8627858409482,6772.705003074868,7073.641967582366,-300.9369645074985,10,0,0.0,ok,within_subject_rng_shuffle,6,430296,False
no_wake,0,lag_0,RNG_next,C2_RNG_next_given_RNG,D2_RNG_next_given_RNG_MCEEG,True,False,0.0,0.0,0.0,-1870.5427814859988,-1873.564828560716,-3.0220470747167383,3756.8875770759823,3889.347784057295,-132.46020698131224,3745.0855629719977,3783.129657121431,-38.04409414943348,10,1,0.1,ok,within_subject_rng_shuffle,6,430296,False
stable_sleep,0,lag_0,MCEEG_next,D0_MCEEG_next_given_MCEEG,D1_MCEEG_next_given_MCEEG_RNG,True,False,0.8,0.8,0.0,-2596.00454148805,-2678.508939111196,-82.50439762314545,5732.799481121115,6438.598674512421,-705.7991933913063,5336.0090829761,5645.017878222391,-309.0087952462909,10,0,0.0,ok,within_subject_rng_shuffle,6,430296,True
stable_sleep,0,lag_0,RNG_next,C2_RNG_next_given_RNG,D2_RNG_next_given_RNG_MCEEG,True,False,0.8,0.0,-0.8,-1267.2259828051265,-1269.60770502165,-2.3817222165234853,2549.472826723009,2674.403160058104,-124.93033333509491,2538.451965610253,2575.2154100433,-36.76344443304697,10,4,0.4,ok,within_subject_rng_shuffle,6,430296,True
full,0,lag_0,MCEEG_next,D0_MCEEG_next_given_MCEEG,D1_MCEEG_next_given_MCEEG_RNG,True,False,0.0,0.0,0.0,-11561.514720373229,-11639.503624833264,-77.98890446003861,23772.627979696423,24578.204327566466,-805.5763478700428,23267.029440746453,23567.00724966653,-299.9778089200772,10,0,0.0,ok,within_subject_rng_shuffle,7,431305,True
full,0,lag_0,RNG_next,C2_RNG_next_given_RNG,D2_RNG_next_given_RNG_MCEEG,True,False,0.8,0.0,-0.8,-5744.516394684091,-5750.587399738378,-6.071005054286616,11507.077193227904,11663.574434214248,-156.49724098634397,11493.032789368182,11537.174799476756,-44.14201010857323,10,1,0.1,ok,within_subject_rng_shuffle,7,431305,True
no_wake,0,lag_0,MCEEG_next,D0_MCEEG_next_given_MCEEG,D1_MCEEG_next_given_MCEEG_RNG,True,False,0.8,0.8,0.0,-3314.352501537434,-3403.978848741062,-89.62634720362803,7197.630824408318,7945.809340149024,-748.1785157407057,6772.705003074868,7095.957697482124,-323.25269440725606,10,0,0.0,ok,within_subject_rng_shuffle,7,431305,True
no_wake,0,lag_0,RNG_next,C2_RNG_next_given_RNG,D2_RNG_next_given_RNG_MCEEG,True,False,0.8,0.0,-0.8,-1873.577463835445,-1876.819135727662,-3.241671892216345,3762.956941774876,3895.856398391187,-132.89945661631145,3751.154927670891,3789.638271455324,-38.48334378443269,10,3,0.3,ok,within_subject_rng_shuffle,7,431305,True
stable_sleep,0,lag_0,MCEEG_next,D0_MCEEG_next_given_MCEEG,D1_MCEEG_next_given_MCEEG_RNG,True,False,0.8,0.8,0.0,-2596.00454148805,-2688.5296548812294,-92.52511339317924,5732.799481121115,6458.640106052489,-725.8406249313739,5336.0090829761,5665.059309762459,-329.0502267863585,10,1,0.1,ok,within_subject_rng_shuffle,7,431305,False
stable_sleep,0,lag_0,RNG_next,C2_RNG_next_given_RNG,D2_RNG_next_given_RNG_MCEEG,True,False,0.0,0.0,0.0,-1266.8786283831578,-1269.6343532257838,-2.755724842626023,2548.7781178790715,2674.4564564663715,-125.6783385873,2537.7572567663155,2575.268706451568,-37.511449685252046,10,5,0.5,ok,within_subject_rng_shuffle,7,431305,False
full,0,lag_0,MCEEG_next,D0_MCEEG_next_given_MCEEG,D1_MCEEG_next_given_MCEEG_RNG,True,False,0.0,0.0,0.0,-11561.514720373229,-11683.75250512022,-122.2377847469943,23772.627979696423,24666.702088140377,-894.0741084439542,23267.029440746453,23655.50501024044,-388.4755694939886,10,0,0.0,ok,within_subject_rng_shuffle,8,432314,True
full,0,lag_0,RNG_next,C2_RNG_next_given_RNG,D2_RNG_next_given_RNG_MCEEG,True,False,0.0,0.0,0.0,-5745.263572608781,-5749.260211271464,-3.9966386626829262,11508.571549077284,11660.92005728042,-152.3485082031366,11494.527145217562,11534.520422542928,-39.99327732536585,10,1,0.1,ok,within_subject_rng_shuffle,8,432314,True
no_wake,0,lag_0,MCEEG_next,D0_MCEEG_next_given_MCEEG,D1_MCEEG_next_given_MCEEG_RNG,True,False,0.8,0.8,0.0,-3314.352501537434,-3371.523360673393,-57.17085913595929,7197.630824408318,7880.898364013687,-683.2675396053683,6772.705003074868,7031.046721346786,-258.3417182719186,10,0,0.0,ok,within_subject_rng_shuffle,8,432314,True
no_wake,0,lag_0,RNG_next,C2_RNG_next_given_RNG,D2_RNG_next_given_RNG_MCEEG,True,False,0.0,0.0,0.0,-1870.245693586908,-1877.587869956172,-7.342176369263825,3756.293401277801,3897.393866848207,-141.1004655704064,3744.491387173816,3791.175739912344,-46.68435273852765,10,2,0.2,ok,within_subject_rng_shuffle,8,432314,True
stable_sleep,0,lag_0,MCEEG_next,D0_MCEEG_next_given_MCEEG,D1_MCEEG_next_given_MCEEG_RNG,True,False,0.8,0.8,0.0,-2596.00454148805,-2707.4364133656127,-111.43187187756256,5732.799481121115,6496.453623021255,-763.6541419001405,5336.0090829761,5702.872826731225,-366.86374375512514,10,0,0.0,ok,within_subject_rng_shuffle,8,432314,True
stable_sleep,0,lag_0,RNG_next,C2_RNG_next_given_RNG,D2_RNG_next_given_RNG_MCEEG,True,False,0.8,0.0,-0.8,-1266.83963736932,-1269.1950447670229,-2.35540739770272,2548.700135851396,2673.5778395488496,-124.8777036974534,2537.6792747386403,2574.3900895340457,-36.71081479540544,10,4,0.4,ok,within_subject_rng_shuffle,8,432314,True
full,0,lag_0,MCEEG_next,D0_MCEEG_next_given_MCEEG,D1_MCEEG_next_given_MCEEG_RNG,True,False,0.0,0.0,0.0,-11561.514720373229,-11683.71132624013,-122.19660586690406,23772.627979696423,24666.6197303802,-893.9917506837737,23267.029440746453,23655.42265248026,-388.3932117338081,10,0,0.0,ok,within_subject_rng_shuffle,9,433323,True
full,0,lag_0,RNG_next,C2_RNG_next_given_RNG,D2_RNG_next_given_RNG_MCEEG,True,False,0.8,0.0,-0.8,-5744.690644873961,-5750.393686748767,-5.703041874806331,11507.425693607644,11663.187008235029,-155.7613146273834,11493.381289747922,11536.787373497536,-43.40608374961266,10,1,0.1,ok,within_subject_rng_shuffle,9,433323,True
no_wake,0,lag_0,MCEEG_next,D0_MCEEG_next_given_MCEEG,D1_MCEEG_next_given_MCEEG_RNG,True,False,0.8,0.8,0.0,-3314.352501537434,-3437.361253130703,-123.00875159326915,7197.630824408318,8012.574148928306,-814.943324519988,6772.705003074868,7162.722506261406,-390.0175031865383,10,0,0.0,ok,within_subject_rng_shuffle,9,433323,True
no_wake,0,lag_0,RNG_next,C2_RNG_next_given_RNG,D2_RNG_next_given_RNG_MCEEG,True,False,0.0,0.0,0.0,-1871.135661639693,-1872.737494483161,-1.6018328434681737,3758.0733373833705,3887.6931159021856,-129.6197785188151,3746.271323279386,3781.474988966322,-35.20366568693635,10,0,0.0,ok,within_subject_rng_shuffle,9,433323,True
stable_sleep,0,lag_0,MCEEG_next,D0_MCEEG_next_given_MCEEG,D1_MCEEG_next_given_MCEEG_RNG,True,False,0.8,0.8,0.0,-2596.00454148805,-2671.5559175739945,-75.55137608594441,5732.799481121115,6424.692631438019,-691.8931503169042,5336.0090829761,5631.111835147989,-295.1027521718888,10,1,0.1,ok,within_subject_rng_shuffle,9,433323,True
stable_sleep,0,lag_0,RNG_next,C2_RNG_next_given_RNG,D2_RNG_next_given_RNG_MCEEG,True,False,0.0,0.0,0.0,-1267.444278415962,-1271.1808602424535,-3.736581826491374,2549.90941794468,2677.549470499711,-127.6400525550307,2538.888556831924,2578.361720484907,-39.47316365298275,10,4,0.4,ok,within_subject_rng_shuffle,9,433323,True
full,0,lag_0,MCEEG_next,D0_MCEEG_next_given_MCEEG,D1_MCEEG_next_given_MCEEG_RNG,True,False,0.0,0.0,0.0,-11561.514720373229,-11832.247497050326,-270.73277667709954,23772.627979696423,24963.692072000587,-1191.064092304165,23267.029440746453,23952.494994100653,-685.4655533541991,10,0,0.0,ok,within_subject_rng_shuffle,10,434332,True
full,0,lag_0,RNG_next,C2_RNG_next_given_RNG,D2_RNG_next_given_RNG_MCEEG,True,False,0.8,0.8,0.0,-5746.386602063474,-5751.30729468745,-4.92069262397581,11510.81760798667,11665.014224112392,-154.19661612572236,11496.773204126948,11538.6145893749,-41.84138524795162,10,1,0.1,ok,within_subject_rng_shuffle,10,434332,True
no_wake,0,lag_0,MCEEG_next,D0_MCEEG_next_given_MCEEG,D1_MCEEG_next_given_MCEEG_RNG,True,False,0.8,0.8,0.0,-3314.352501537434,-3426.3083123239203,-111.95581078648638,7197.630824408318,7990.468267314742,-792.8374429064233,6772.705003074868,7140.616624647841,-367.9116215729728,10,0,0.0,ok,within_subject_rng_shuffle,10,434332,True
no_wake,0,lag_0,RNG_next,C2_RNG_next_given_RNG,D2_RNG_next_given_RNG_MCEEG,True,False,0.8,0.0,-0.8,-1872.6116096543285,-1876.521115068184,-3.909505413855868,3761.025233412641,3895.260357072232,-134.2351236595905,3749.223219308657,3789.042230136368,-39.819010827711736,10,1,0.1,ok,within_subject_rng_shuffle,10,434332,True
stable_sleep,0,lag_0,MCEEG_next,D0_MCEEG_next_given_MCEEG,D1_MCEEG_next_given_MCEEG_RNG,True,False,0.8,0.8,0.0,-2596.00454148805,-2668.08631637534,-72.08177488728961,5732.799481121115,6417.753429040709,-684.9539479195946,5336.0090829761,5624.172632750679,-288.1635497745792,10,2,0.2,ok,within_subject_rng_shuffle,10,434332,True
stable_sleep,0,lag_0,RNG_next,C2_RNG_next_given_RNG,D2_RNG_next_given_RNG_MCEEG,True,False,0.0,0.0,0.0,-1267.3875568370552,-1268.5475347715906,-1.1599779345353909,2549.7959747868663,2672.282819557985,-122.48684477111874,2538.7751136741103,2573.095069543181,-34.31995586907078,10,2,0.2,ok,within_subject_rng_shuffle,10,434332,True
full,0,lag_0,MCEEG_next,D0_MCEEG_next_given_MCEEG,D1_MCEEG_next_given_MCEEG_RNG,True,False,0.0,0.0,0.0,-11561.514720373229,-11686.47683820486,-124.962117831632,23772.627979696423,24672.15075430965,-899.5227746132296,23267.029440746453,23660.95367640972,-393.924235663264,10,0,0.0,ok,within_subject_rng_shuffle,11,435341,True
full,0,lag_0,RNG_next,C2_RNG_next_given_RNG,D2_RNG_next_given_RNG_MCEEG,True,False,0.8,0.0,-0.8,-5744.403151573807,-5749.753633356942,-5.350481783135365,11506.850707007336,11661.906901451375,-155.05619444404147,11492.806303147614,11535.507266713885,-42.70096356627073,10,1,0.1,ok,within_subject_rng_shuffle,11,435341,True
no_wake,0,lag_0,MCEEG_next,D0_MCEEG_next_given_MCEEG,D1_MCEEG_next_given_MCEEG_RNG,True,False,0.8,0.8,0.0,-3314.352501537434,-3397.1550970928533,-82.80259555541943,7197.630824408318,7932.161836852607,-734.5310124442885,6772.705003074868,7082.310194185707,-309.60519111083886,10,1,0.1,ok,within_subject_rng_shuffle,11,435341,True
no_wake,0,lag_0,RNG_next,C2_RNG_next_given_RNG,D2_RNG_next_given_RNG_MCEEG,True,False,0.0,0.0,0.0,-1870.8406991267304,-1873.914870617848,-3.074171491117795,3757.483412357445,3890.04786817156,-132.56445581411435,3745.681398253461,3783.829741235696,-38.14834298223559,10,2,0.2,ok,within_subject_rng_shuffle,11,435341,True
stable_sleep,0,lag_0,MCEEG_next,D0_MCEEG_next_given_MCEEG,D1_MCEEG_next_given_MCEEG_RNG,True,False,0.8,0.8,0.0,-2596.00454148805,-2669.236974406769,-73.23243291871904,5732.799481121115,6420.054745103568,-687.2552639824535,5336.0090829761,5626.473948813538,-290.4648658374381,10,1,0.1,ok,within_subject_rng_shuffle,11,435341,True
stable_sleep,0,lag_0,RNG_next,C2_RNG_next_given_RNG,D2_RNG_next_given_RNG_MCEEG,True,False,0.0,0.0,0.0,-1267.9665683276448,-1274.9034649255548,-6.936896597909936,2550.9539977680456,2684.994679865914,-134.04068209786828,2539.9331366552897,2585.806929851109,-45.87379319581987,10,4,0.4,ok,within_subject_rng_shuffle,11,435341,True
