regime,lag_epochs,lag_label,family,baseline_model,augmented_model,valid,primary,baseline_eps_test,augmented_eps_test,conditional_lift,baseline_ll_test,augmented_ll_test,ll_improvement,baseline_bic_test,augmented_bic_test,bic_improvement,baseline_aic_test,augmented_aic_test,aic_improvement,n_subjects_evaluated,n_subjects_positive_lift,fraction_positive_lift,reason,control_type,replicate,control_seed,control_collapsed_overall
full,0,lag_0,EEG_next,C0_EEG_next_given_EEG,C1_EEG_next_given_EEG_RNG,True,False,0.0,0.0,0.0,-12038.346329061376,-12207.739367864082,-169.39303880270563,24726.29119707272,25714.6758136281,-988.3846165553769,24220.692658122756,24703.478735728164,-482.78607760541126,10,0,0.0,ok,circular_rng_shift,0,424242,True
full,0,lag_0,RNG_next,C2_RNG_next_given_RNG,C3_RNG_next_given_RNG_EEG,True,False,0.8,0.0,-0.8,-5744.4212293148685,-5747.273097727091,-2.851868412222757,11506.88686248946,11656.945830191677,-150.05896770221625,11492.842458629735,11530.546195454182,-37.70373682444552,10,2,0.2,ok,circular_rng_shift,0,424242,True
no_wake,0,lag_0,EEG_next,C0_EEG_next_given_EEG,C1_EEG_next_given_EEG_RNG,True,True,0.8,0.8,0.0,-3461.7217421413907,-3572.94718781502,-111.22544567362912,7492.369305616232,8283.74601829694,-791.3767126807088,7067.443484282781,7433.89437563004,-366.4508913472582,10,0,0.0,ok,circular_rng_shift,0,424242,True
no_wake,0,lag_0,RNG_next,C2_RNG_next_given_RNG,C3_RNG_next_given_RNG_EEG,True,True,0.0,0.0,0.0,-1870.4987732206207,-1876.1821423167305,-5.683369096109573,3756.799560545226,3894.582411569324,-137.7828510240979,3744.9975464412414,3788.364284633461,-43.366738192219145,10,0,0.0,ok,circular_rng_shift,0,424242,True
stable_sleep,0,lag_0,EEG_next,C0_EEG_next_given_EEG,C1_EEG_next_given_EEG_RNG,True,True,0.8,0.8,0.0,-2791.120643891387,-2922.0514850834124,-130.93084119202558,6123.031685927788,6925.683766456855,-802.6520805290666,5726.241287782774,6132.102970166825,-405.8616823840512,10,0,0.0,ok,circular_rng_shift,0,424242,True
stable_sleep,0,lag_0,RNG_next,C2_RNG_next_given_RNG,C3_RNG_next_given_RNG_EEG,True,True,0.0,0.0,0.0,-1266.257753518974,-1272.7113034217443,-6.453549902770192,2547.536368150704,2680.610356858293,-133.0739887075888,2536.5155070379483,2581.4226068434887,-44.90709980554038,10,5,0.5,ok,circular_rng_shift,0,424242,True
full,0,lag_0,EEG_next,C0_EEG_next_given_EEG,C1_EEG_next_given_EEG_RNG,True,False,0.0,0.0,0.0,-12038.346329061376,-12234.26247549803,-195.91614643665343,24726.29119707272,25767.722028895994,-1041.4308318232725,24220.692658122756,24756.52495099606,-535.8322928733069,10,0,0.0,ok,circular_rng_shift,1,425251,True
full,0,lag_0,RNG_next,C2_RNG_next_given_RNG,C3_RNG_next_given_RNG_EEG,True,False,0.0,0.0,0.0,-5746.917027695377,-5745.984676706268,0.9323509891091816,11511.878459250476,11654.368988150029,-142.49052889955237,11497.834055390756,11527.969353412536,-30.13529802178164,10,1,0.1,ok,circular_rng_shift,1,425251,True
no_wake,0,lag_0,EEG_next,C0_EEG_next_given_EEG,C1_EEG_next_given_EEG_RNG,True,True,0.8,0.8,0.0,-3461.7217421413907,-3581.964358285048,-120.24261614365696,7492.369305616232,8301.780359236996,-809.4110536207645,7067.443484282781,7451.928716570095,-384.4852322873139,10,0,0.0,ok,circular_rng_shift,1,425251,True
no_wake,0,lag_0,RNG_next,C2_RNG_next_given_RNG,C3_RNG_next_given_RNG_EEG,True,True,0.0,0.0,0.0,-1874.5301467370496,-1873.8866945552936,0.6434521817561745,3764.862307578084,3889.99151604645,-125.1292084683664,3753.0602934741,3783.7733891105872,-30.71309563648765,10,1,0.1,ok,circular_rng_shift,1,425251,True
stable_sleep,0,lag_0,EEG_next,C0_EEG_next_given_EEG,C1_EEG_next_given_EEG_RNG,True,True,0.8,0.8,0.0,-2791.120643891387,-2891.12880843154,-100.00816454015283,6123.031685927788,6863.838413153109,-740.8067272253211,5726.241287782774,6070.257616863079,-344.0163290803057,10,0,0.0,ok,circular_rng_shift,1,425251,True
stable_sleep,0,lag_0,RNG_next,C2_RNG_next_given_RNG,C3_RNG_next_given_RNG_EEG,True,True,0.0,0.0,0.0,-1267.1166496250828,-1272.3315923834375,-5.214942758354709,2549.254160362921,2679.850934781679,-130.59677441875738,2538.2332992501656,2580.663184766875,-42.42988551670942,10,2,0.2,ok,circular_rng_shift,1,425251,True
full,0,lag_0,EEG_next,C0_EEG_next_given_EEG,C1_EEG_next_given_EEG_RNG,True,False,0.0,0.0,0.0,-12038.346329061376,-12159.205711856725,-120.8593827953464,24726.29119707272,25617.60850161338,-891.3173045406584,24220.692658122756,24606.411423713445,-385.7187655906928,10,0,0.0,ok,circular_rng_shift,2,426260,True
full,0,lag_0,RNG_next,C2_RNG_next_given_RNG,C3_RNG_next_given_RNG_EEG,True,False,0.8,0.8,0.0,-5744.734656013491,-5742.560966136771,2.1736898767203456,11507.513715886704,11647.521567011034,-140.00785112433005,11493.469312026982,11521.12193227354,-27.65262024655931,10,2,0.2,ok,circular_rng_shift,2,426260,True
no_wake,0,lag_0,EEG_next,C0_EEG_next_given_EEG,C1_EEG_next_given_EEG_RNG,True,True,0.8,0.8,0.0,-3461.7217421413907,-3596.830098077904,-135.1083559365129,7492.369305616232,8331.511838822707,-839.1425332064755,7067.443484282781,7481.660196155807,-414.2167118730258,10,0,0.0,ok,circular_rng_shift,2,426260,True
no_wake,0,lag_0,RNG_next,C2_RNG_next_given_RNG,C3_RNG_next_given_RNG_EEG,True,True,0.0,0.0,0.0,-1860.5052272988448,-1863.1568094414283,-2.651582142583493,3736.8124687016734,3868.53174581872,-131.71927711704575,3725.0104545976897,3762.3136188828566,-37.303164285166986,10,3,0.3,ok,circular_rng_shift,2,426260,True
stable_sleep,0,lag_0,EEG_next,C0_EEG_next_given_EEG,C1_EEG_next_given_EEG_RNG,True,True,0.8,0.8,0.0,-2791.120643891387,-2883.79901978154,-92.67837589015288,6123.031685927788,6849.178835853109,-726.1471499253212,5726.241287782774,6055.59803956308,-329.3567517803058,10,0,0.0,ok,circular_rng_shift,2,426260,True
stable_sleep,0,lag_0,RNG_next,C2_RNG_next_given_RNG,C3_RNG_next_given_RNG_EEG,True,True,0.0,0.0,0.0,-1263.8911206836708,-1265.44708346209,-1.5559627784191434,2542.8031024800976,2666.0819169389843,-123.2788144588867,2531.7822413673416,2566.89416692418,-35.11192555683829,10,2,0.2,ok,circular_rng_shift,2,426260,True
full,0,lag_0,EEG_next,C0_EEG_next_given_EEG,C1_EEG_next_given_EEG_RNG,True,False,0.0,0.0,0.0,-12038.346329061376,-12076.700134951632,-38.3538058902559,24726.29119707272,25452.5973478032,-726.3061507304774,24220.692658122756,24441.400269903264,-220.7076117805118,10,0,0.0,ok,circular_rng_shift,3,427269,True
full,0,lag_0,RNG_next,C2_RNG_next_given_RNG,C3_RNG_next_given_RNG_EEG,True,False,0.8,0.8,0.0,-5744.4009215643255,-5742.498474872311,1.902446692014564,11506.846246988373,11647.396584482114,-140.5503374937416,11492.801843128653,11520.996949744622,-28.19510661597087,10,1,0.1,ok,circular_rng_shift,3,427269,True
no_wake,0,lag_0,EEG_next,C0_EEG_next_given_EEG,C1_EEG_next_given_EEG_RNG,True,True,0.8,0.8,0.0,-3461.7217421413907,-3645.1139375543016,-183.39219541291092,7492.369305616232,8428.079517775504,-935.7102121592724,7067.443484282781,7578.227875108603,-510.7843908258219,10,3,0.3,ok,circular_rng_shift,3,427269,True
no_wake,0,lag_0,RNG_next,C2_RNG_next_given_RNG,C3_RNG_next_given_RNG_EEG,True,True,0.0,0.0,0.0,-1870.4023660303048,-1873.1755239572717,-2.7731579269666327,3756.6067461645935,3888.5691748504064,-131.96242868581203,3744.8047320606097,3782.351047914543,-37.54631585393327,10,2,0.2,ok,circular_rng_shift,3,427269,True
stable_sleep,0,lag_0,EEG_next,C0_EEG_next_given_EEG,C1_EEG_next_given_EEG_RNG,True,True,0.8,0.8,0.0,-2791.120643891387,-2902.613049375896,-111.49240548450916,6123.031685927788,6886.806895041822,-763.7752091140337,5726.241287782774,6093.226098751792,-366.9848109690183,10,2,0.2,ok,circular_rng_shift,3,427269,True
stable_sleep,0,lag_0,RNG_next,C2_RNG_next_given_RNG,C3_RNG_next_given_RNG_EEG,True,True,0.0,0.0,0.0,-1265.5791445651546,-1269.200961228401,-3.621816663246364,2546.179150243065,2673.589672471606,-127.41052222854069,2535.158289130309,2574.401922456802,-39.24363332649273,10,3,0.3,ok,circular_rng_shift,3,427269,True
full,0,lag_0,EEG_next,C0_EEG_next_given_EEG,C1_EEG_next_given_EEG_RNG,True,False,0.0,0.0,0.0,-12038.346329061376,-12168.686768068625,-130.34043900724646,24726.29119707272,25636.57061403718,-910.2794169644584,24220.692658122756,24625.37353613725,-404.6808780144929,10,0,0.0,ok,circular_rng_shift,4,428278,True
full,0,lag_0,RNG_next,C2_RNG_next_given_RNG,C3_RNG_next_given_RNG_EEG,True,False,0.8,0.8,0.0,-5745.229643690643,-5741.311916861062,3.9177268295807153,11508.503691241009,11645.023468459616,-136.5197772186093,11494.459287381284,11518.623833722124,-24.16454634083857,10,2,0.2,ok,circular_rng_shift,4,428278,True
no_wake,0,lag_0,EEG_next,C0_EEG_next_given_EEG,C1_EEG_next_given_EEG_RNG,True,True,0.8,0.8,0.0,-3461.7217421413907,-3582.999943833261,-121.27820169187044,7492.369305616232,8303.851530333422,-811.4822247171905,7067.443484282781,7453.999887666522,-386.55640338374087,10,2,0.2,ok,circular_rng_shift,4,428278,True
no_wake,0,lag_0,RNG_next,C2_RNG_next_given_RNG,C3_RNG_next_given_RNG_EEG,True,True,0.0,0.0,0.0,-1869.988753005236,-1874.0154076411384,-4.02665463590256,3755.779520114457,3890.2489422181407,-134.46942210368388,3743.977506010472,3784.030815282277,-40.05330927180512,10,0,0.0,ok,circular_rng_shift,4,428278,True
stable_sleep,0,lag_0,EEG_next,C0_EEG_next_given_EEG,C1_EEG_next_given_EEG_RNG,True,True,0.8,0.8,0.0,-2791.120643891387,-2919.062271008811,-127.9416271174241,6123.031685927788,6919.705338307652,-796.6736523798636,5726.241287782774,6126.124542017622,-399.8832542348482,10,2,0.2,ok,circular_rng_shift,4,428278,True
stable_sleep,0,lag_0,RNG_next,C2_RNG_next_given_RNG,C3_RNG_next_given_RNG_EEG,True,True,0.0,0.0,0.0,-1267.316638930768,-1270.2082150029494,-2.8915760721813517,2549.654138974292,2675.604180020703,-125.95004104641112,2538.633277861536,2576.4164300058987,-37.7831521443627,10,4,0.4,ok,circular_rng_shift,4,428278,True
full,0,lag_0,EEG_next,C0_EEG_next_given_EEG,C1_EEG_next_given_EEG_RNG,True,False,0.0,0.0,0.0,-12038.346329061376,-12120.291464592048,-81.9451355306719,24726.29119707272,25539.78000708403,-813.4888100113094,24220.692658122756,24528.582929184096,-307.8902710613438,10,0,0.0,ok,circular_rng_shift,5,429287,True
full,0,lag_0,RNG_next,C2_RNG_next_given_RNG,C3_RNG_next_given_RNG_EEG,True,False,0.8,0.8,0.0,-5744.811680198237,-5742.926257399525,1.8854227987121703,11507.667764256195,11648.252149536542,-140.5843852803464,11493.623360396474,11521.85251479905,-28.22915440257566,10,0,0.0,ok,circular_rng_shift,5,429287,True
no_wake,0,lag_0,EEG_next,C0_EEG_next_given_EEG,C1_EEG_next_given_EEG_RNG,True,True,0.8,0.8,0.0,-3461.7217421413907,-3556.803484885861,-95.08174274447084,7492.369305616232,8251.458612438624,-759.0893068223922,7067.443484282781,7401.606969771723,-334.16348548894166,10,1,0.1,ok,circular_rng_shift,5,429287,True
no_wake,0,lag_0,RNG_next,C2_RNG_next_given_RNG,C3_RNG_next_given_RNG_EEG,True,True,0.0,0.0,0.0,-1870.451451825576,-1874.1559310016023,-3.704479176026325,3756.7049177551366,3890.529988939068,-133.8250711839314,3744.902903651152,3784.3118620032046,-39.40895835205265,10,2,0.2,ok,circular_rng_shift,5,429287,True
stable_sleep,0,lag_0,EEG_next,C0_EEG_next_given_EEG,C1_EEG_next_given_EEG_RNG,True,True,0.8,0.8,0.0,-2791.120643891387,-2918.777040218629,-127.65639632724196,6123.031685927788,6919.134876727288,-796.1031907994993,5726.241287782774,6125.554080437258,-399.3127926544839,10,0,0.0,ok,circular_rng_shift,5,429287,True
stable_sleep,0,lag_0,RNG_next,C2_RNG_next_given_RNG,C3_RNG_next_given_RNG_EEG,True,True,0.0,0.0,0.0,-1266.900980940531,-1270.9228182634988,-4.021837322967485,2548.8228229938186,2677.033386541801,-128.21056354798293,2537.8019618810627,2577.8456365269976,-40.04367464593497,10,3,0.3,ok,circular_rng_shift,5,429287,True
full,0,lag_0,EEG_next,C0_EEG_next_given_EEG,C1_EEG_next_given_EEG_RNG,True,False,0.0,0.0,0.0,-12038.346329061376,-12126.359410500065,-88.01308143868846,24726.29119707272,25551.915898900064,-825.6247018273425,24220.692658122756,24540.71882100013,-320.0261628773769,10,0,0.0,ok,circular_rng_shift,6,430296,True
full,0,lag_0,RNG_next,C2_RNG_next_given_RNG,C3_RNG_next_given_RNG_EEG,True,False,0.8,0.0,-0.8,-5744.616300587632,-5752.325224651797,-7.70892406416533,11507.277005034985,11667.050084041086,-159.7730790061014,11493.232601175265,11540.650449303594,-47.41784812833066,10,1,0.1,ok,circular_rng_shift,6,430296,True
no_wake,0,lag_0,EEG_next,C0_EEG_next_given_EEG,C1_EEG_next_given_EEG_RNG,True,True,0.8,0.8,0.0,-3461.7217421413907,-3518.6227122351047,-56.90097009371402,7492.369305616232,8175.097067137111,-682.7277615208786,7067.443484282781,7325.245424470209,-257.80194018742804,10,0,0.0,ok,circular_rng_shift,6,430296,True
no_wake,0,lag_0,RNG_next,C2_RNG_next_given_RNG,C3_RNG_next_given_RNG_EEG,True,True,0.8,0.0,-0.8,-1871.495408657174,-1878.6349586693775,-7.139550012203699,3758.7928314183328,3899.488044274619,-140.69521285628616,3746.990817314348,3793.269917338756,-46.2791000244074,10,2,0.2,ok,circular_rng_shift,6,430296,True
stable_sleep,0,lag_0,EEG_next,C0_EEG_next_given_EEG,C1_EEG_next_given_EEG_RNG,True,True,0.8,0.8,0.0,-2791.120643891387,-2933.736341519733,-142.61569762834597,6123.031685927788,6949.053479329496,-826.0217934017073,5726.241287782774,6155.472683039466,-429.231395256692,10,2,0.2,ok,circular_rng_shift,6,430296,True
stable_sleep,0,lag_0,RNG_next,C2_RNG_next_given_RNG,C3_RNG_next_given_RNG_EEG,True,True,0.0,0.0,0.0,-1268.915670190505,-1273.6657189102157,-4.750048719711003,2552.8522014937653,2682.5191878352352,-129.66698634146996,2541.8313403810093,2583.331437820432,-41.50009743942201,10,3,0.3,ok,circular_rng_shift,6,430296,True
full,0,lag_0,EEG_next,C0_EEG_next_given_EEG,C1_EEG_next_given_EEG_RNG,True,False,0.0,0.0,0.0,-12038.346329061376,-12161.881068872057,-123.53473981068056,24726.29119707272,25622.95921564405,-896.6680185713267,24220.692658122756,24611.762137744117,-391.0694796213611,10,0,0.0,ok,circular_rng_shift,7,431305,True
full,0,lag_0,RNG_next,C2_RNG_next_given_RNG,C3_RNG_next_given_RNG_EEG,True,False,0.0,0.0,0.0,-5745.301795909205,-5745.811965922196,-0.510170012990784,11508.647995678131,11654.023566581884,-145.3755709037523,11494.60359181841,11527.623931844391,-33.02034002598157,10,3,0.3,ok,circular_rng_shift,7,431305,True
no_wake,0,lag_0,EEG_next,C0_EEG_next_given_EEG,C1_EEG_next_given_EEG_RNG,True,True,0.8,0.8,0.0,-3461.7217421413907,-3574.335040568452,-112.61329842706118,7492.369305616232,8286.521723803804,-794.152418187572,7067.443484282781,7436.670081136904,-369.2265968541224,10,1,0.1,ok,circular_rng_shift,7,431305,True
no_wake,0,lag_0,RNG_next,C2_RNG_next_given_RNG,C3_RNG_next_given_RNG_EEG,True,True,0.8,0.0,-0.8,-1872.441376375412,-1877.573117356373,-5.13174098096124,3760.684766854808,3897.364361648609,-136.67959479380124,3748.8827527508233,3791.146234712746,-42.26348196192248,10,1,0.1,ok,circular_rng_shift,7,431305,True
stable_sleep,0,lag_0,EEG_next,C0_EEG_next_given_EEG,C1_EEG_next_given_EEG_RNG,True,True,0.8,0.8,0.0,-2791.120643891387,-2925.854617966874,-134.7339740754869,6123.031685927788,6933.290032223777,-810.2583462959892,5726.241287782774,6139.709235933748,-413.4679481509738,10,0,0.0,ok,circular_rng_shift,7,431305,True
stable_sleep,0,lag_0,RNG_next,C2_RNG_next_given_RNG,C3_RNG_next_given_RNG_EEG,True,True,0.0,0.0,0.0,-1266.5964021556968,-1270.669797949097,-4.073395793400323,2548.213665424149,2676.5273459129985,-128.31368048884906,2537.192804311393,2577.339595898194,-40.146791586800646,10,3,0.3,ok,circular_rng_shift,7,431305,True
full,0,lag_0,EEG_next,C0_EEG_next_given_EEG,C1_EEG_next_given_EEG_RNG,True,False,0.0,0.0,0.0,-12038.346329061376,-12140.252167771696,-101.9058387103196,24726.29119707272,25579.701413443327,-853.4102163706048,24220.692658122756,24568.50433554339,-347.8116774206392,10,0,0.0,ok,circular_rng_shift,8,432314,True
full,0,lag_0,RNG_next,C2_RNG_next_given_RNG,C3_RNG_next_given_RNG_EEG,True,False,0.8,0.0,-0.8,-5744.454119792528,-5743.161300609945,1.2928191825831163,11506.952643444778,11648.722235957384,-141.7695925126045,11492.908239585056,11522.32260121989,-29.414361634833767,10,2,0.2,ok,circular_rng_shift,8,432314,True
no_wake,0,lag_0,EEG_next,C0_EEG_next_given_EEG,C1_EEG_next_given_EEG_RNG,True,True,0.8,0.8,0.0,-3461.7217421413907,-3568.317319411316,-106.59557726992487,7492.369305616232,8274.486281489531,-782.1169758732995,7067.443484282781,7424.634638822631,-357.1911545398498,10,0,0.0,ok,circular_rng_shift,8,432314,True
no_wake,0,lag_0,RNG_next,C2_RNG_next_given_RNG,C3_RNG_next_given_RNG_EEG,True,True,0.0,0.0,0.0,-1870.217513140168,-1871.672421701288,-1.4549085611199644,3756.2370403843206,3885.5629703384393,-129.3259299541187,3744.435026280336,3779.344843402576,-34.90981712223993,10,3,0.3,ok,circular_rng_shift,8,432314,True
stable_sleep,0,lag_0,EEG_next,C0_EEG_next_given_EEG,C1_EEG_next_given_EEG_RNG,True,True,0.8,0.8,0.0,-2791.120643891387,-2894.3620853082225,-103.24144141683564,6123.031685927788,6870.304966906475,-747.2732809786867,5726.241287782774,6076.724170616445,-350.4828828336713,10,1,0.1,ok,circular_rng_shift,8,432314,True
stable_sleep,0,lag_0,RNG_next,C2_RNG_next_given_RNG,C3_RNG_next_given_RNG_EEG,True,True,0.0,0.0,0.0,-1266.7198278138403,-1270.1132459516991,-3.3934181378588164,2548.460516740437,2675.4142419182026,-126.95372517776605,2537.4396556276806,2576.2264919033983,-38.78683627571763,10,3,0.3,ok,circular_rng_shift,8,432314,True
full,0,lag_0,EEG_next,C0_EEG_next_given_EEG,C1_EEG_next_given_EEG_RNG,True,False,0.0,0.0,0.0,-12038.346329061376,-12108.052971246372,-69.70664218499587,24726.29119707272,25515.30302039268,-789.0118233199573,24220.692658122756,24504.105942492744,-283.41328436999174,10,0,0.0,ok,circular_rng_shift,9,433323,True
full,0,lag_0,RNG_next,C2_RNG_next_given_RNG,C3_RNG_next_given_RNG_EEG,True,False,0.0,0.0,0.0,-5745.3390937850345,-5742.676617141852,2.662476643182345,11508.72259142979,11647.752869021197,-139.03027759140605,11494.678187570067,11521.353234283704,-26.67504671363531,10,2,0.2,ok,circular_rng_shift,9,433323,True
no_wake,0,lag_0,EEG_next,C0_EEG_next_given_EEG,C1_EEG_next_given_EEG_RNG,True,True,0.8,0.8,0.0,-3461.7217421413907,-3566.527011116378,-104.80526897498748,7492.369305616232,8270.905664899657,-778.5363592834256,7067.443484282781,7421.054022232756,-353.61053794997497,10,1,0.1,ok,circular_rng_shift,9,433323,True
no_wake,0,lag_0,RNG_next,C2_RNG_next_given_RNG,C3_RNG_next_given_RNG_EEG,True,True,0.0,0.0,0.0,-1870.5226804075664,-1872.8174562875056,-2.29477587993938,3756.847374919117,3887.8530395108746,-131.00566459175752,3745.045360815133,3781.634912575011,-36.58955175987876,10,3,0.3,ok,circular_rng_shift,9,433323,True
stable_sleep,0,lag_0,EEG_next,C0_EEG_next_given_EEG,C1_EEG_next_given_EEG_RNG,True,True,0.8,0.8,0.0,-2791.120643891387,-2914.309436492184,-123.18879260079711,6123.031685927788,6910.199669274398,-787.1679833466096,5726.241287782774,6116.618872984368,-390.37758520159423,10,1,0.1,ok,circular_rng_shift,9,433323,True
stable_sleep,0,lag_0,RNG_next,C2_RNG_next_given_RNG,C3_RNG_next_given_RNG_EEG,True,True,0.0,0.0,0.0,-1266.926097992149,-1275.373189843884,-8.447091851734967,2548.873057097054,2685.934129702572,-137.06107260551835,2537.852195984298,2586.746379687768,-48.894183703469935,10,1,0.1,ok,circular_rng_shift,9,433323,True
full,0,lag_0,EEG_next,C0_EEG_next_given_EEG,C1_EEG_next_given_EEG_RNG,True,False,0.0,0.0,0.0,-12038.346329061376,-12126.720672040952,-88.37434297957589,24726.29119707272,25552.63842198184,-826.3472249091174,24220.692658122756,24541.441344081904,-320.74868595915177,10,0,0.0,ok,circular_rng_shift,10,434332,True
full,0,lag_0,RNG_next,C2_RNG_next_given_RNG,C3_RNG_next_given_RNG_EEG,True,False,0.8,0.0,-0.8,-5745.126966715182,-5744.69991259465,0.4270541205314657,11508.298337290084,11651.799459926791,-143.5011226367078,11494.253933430364,11525.3998251893,-31.14589175893707,10,1,0.1,ok,circular_rng_shift,10,434332,True
no_wake,0,lag_0,EEG_next,C0_EEG_next_given_EEG,C1_EEG_next_given_EEG_RNG,True,True,0.8,0.8,0.0,-3461.7217421413907,-3599.13766467734,-137.41592253594945,7492.369305616232,8336.12697202158,-843.7576664053486,7067.443484282781,7486.27532935468,-418.8318450718989,10,1,0.1,ok,circular_rng_shift,10,434332,True
no_wake,0,lag_0,RNG_next,C2_RNG_next_given_RNG,C3_RNG_next_given_RNG_EEG,True,True,0.8,0.0,-0.8,-1871.4543692748996,-1878.645879528954,-7.19151025405472,3758.710752653784,3899.509885993772,-140.7991333399882,3746.908738549799,3793.291759057908,-46.38302050810944,10,1,0.1,ok,circular_rng_shift,10,434332,True
stable_sleep,0,lag_0,EEG_next,C0_EEG_next_given_EEG,C1_EEG_next_given_EEG_RNG,True,True,0.8,0.8,0.0,-2791.120643891387,-2899.102046041988,-107.98140215060084,6123.031685927788,6879.784888374005,-756.7532024462171,5726.241287782774,6086.204092083975,-359.9628043012017,10,1,0.1,ok,circular_rng_shift,10,434332,True
stable_sleep,0,lag_0,RNG_next,C2_RNG_next_given_RNG,C3_RNG_next_given_RNG_EEG,True,True,0.0,0.0,0.0,-1267.1157771328162,-1272.0464353937164,-4.930658260900145,2549.2524153783884,2679.2806208022366,-130.02820542384825,2538.2315542656324,2580.0928707874327,-41.86131652180029,10,2,0.2,ok,circular_rng_shift,10,434332,True
full,0,lag_0,EEG_next,C0_EEG_next_given_EEG,C1_EEG_next_given_EEG_RNG,True,False,0.0,0.0,0.0,-12038.346329061376,-12141.029111766917,-102.68278270554038,24726.29119707272,25581.25530143377,-854.9641043610463,24220.692658122756,24570.058223533837,-349.36556541108075,10,0,0.0,ok,circular_rng_shift,11,435341,False
full,0,lag_0,RNG_next,C2_RNG_next_given_RNG,C3_RNG_next_given_RNG_EEG,True,False,0.0,0.8,0.8,-5745.359751731412,-5744.855513343559,0.504238387852638,11508.763907322544,11652.110661424613,-143.34675410206546,11494.719503462824,11525.71102668712,-30.991523224294724,10,4,0.4,ok,circular_rng_shift,11,435341,False
no_wake,0,lag_0,EEG_next,C0_EEG_next_given_EEG,C1_EEG_next_given_EEG_RNG,True,True,0.8,0.8,0.0,-3461.7217421413907,-3595.085221920196,-133.3634797788054,7492.369305616232,8328.022086507293,-835.6527808910614,7067.443484282781,7478.170443840392,-410.7269595576108,10,0,0.0,ok,circular_rng_shift,11,435341,True
no_wake,0,lag_0,RNG_next,C2_RNG_next_given_RNG,C3_RNG_next_given_RNG_EEG,True,True,0.0,0.0,0.0,-1869.2322847792548,-1872.9743746208876,-3.742089841632605,3754.266583662494,3888.166876177638,-133.90029251514397,3742.4645695585095,3781.948749241775,-39.48417968326521,10,4,0.4,ok,circular_rng_shift,11,435341,True
stable_sleep,0,lag_0,EEG_next,C0_EEG_next_given_EEG,C1_EEG_next_given_EEG_RNG,True,True,0.8,0.8,0.0,-2791.120643891387,-2955.049421931358,-163.92877803997135,6123.031685927788,6991.679640152746,-868.6479542249581,5726.241287782774,6198.098843862716,-471.8575560799427,10,0,0.0,ok,circular_rng_shift,11,435341,True
stable_sleep,0,lag_0,RNG_next,C2_RNG_next_given_RNG,C3_RNG_next_given_RNG_EEG,True,True,0.0,0.0,0.0,-1267.1993327528903,-1275.8365488690702,-8.637216116179843,2549.419526618537,2686.860847752944,-137.44132113440764,2538.3986655057806,2587.6730977381403,-49.274432232359686,10,0,0.0,ok,circular_rng_shift,11,435341,True
full,0,lag_0,EEG_next,C0_EEG_next_given_EEG,C1_EEG_next_given_EEG_RNG,True,False,0.8,0.8,0.0,-15439.188454997864,-15653.82486891863,-214.6364139207653,31527.914590401957,32606.72509864971,-1078.810508247756,31022.376909995728,31595.64973783726,-573.2728278415307,10,0,0.0,ok,conditional_target_shuffle,0,424242,True
full,0,lag_0,RNG_next,C2_RNG_next_given_RNG,C3_RNG_next_given_RNG_EEG,True,False,0.8,0.0,-0.8,-5737.8485752990655,-5744.191512450148,-6.342937151082879,11493.739863942748,11650.767445001851,-157.0275810591047,11479.697150598133,11524.383024900297,-44.68587430216576,10,1,0.1,ok,conditional_target_shuffle,0,424242,True
no_wake,0,lag_0,EEG_next,C0_EEG_next_given_EEG,C1_EEG_next_given_EEG_RNG,True,True,0.0,0.8,0.8,-4853.762509769457,-4921.222492888428,-67.45998311897074,10276.450840872363,10980.296628443755,-703.8457875713921,9851.525019538914,10130.444985776856,-278.9199662379415,10,1,0.1,ok,conditional_target_shuffle,0,424242,False
no_wake,0,lag_0,RNG_next,C2_RNG_next_given_RNG,C3_RNG_next_given_RNG_EEG,True,True,0.8,0.8,0.0,-1868.9236716810728,-1875.56189338305,-6.6382217019772725,3753.6463923062097,3893.31522726268,-139.6688349564697,3741.847343362145,3787.1237867661,-45.27644340395455,10,0,0.0,ok,conditional_target_shuffle,0,424242,False
stable_sleep,0,lag_0,EEG_next,C0_EEG_next_given_EEG,C1_EEG_next_given_EEG_RNG,True,True,0.8,0.8,0.0,-3480.189693944097,-3642.861201010917,-162.67150706682014,7501.169786033209,8367.303198311864,-866.1334122786548,7104.379387888194,7573.722402021835,-469.3430141336403,10,2,0.2,ok,conditional_target_shuffle,0,424242,True
stable_sleep,0,lag_0,RNG_next,C2_RNG_next_given_RNG,C3_RNG_next_given_RNG_EEG,True,True,0.8,0.0,-0.8,-1264.2939510803974,-1271.1477425851012,-6.85379150470385,2543.6054765020635,2677.4536542416195,-133.84817773955592,2532.587902160795,2578.2954851702025,-45.7075830094077,10,2,0.2,ok,conditional_target_shuffle,0,424242,True
full,0,lag_0,EEG_next,C0_EEG_next_given_EEG,C1_EEG_next_given_EEG_RNG,True,False,0.8,0.8,0.0,-15458.371566832368,-15533.710638341783,-75.33907150941741,31566.28081407096,32366.49663749602,-800.2158234250601,31060.74313366473,31355.42127668357,-294.6781430188348,10,0,0.0,ok,conditional_target_shuffle,1,425251,True
full,0,lag_0,RNG_next,C2_RNG_next_given_RNG,C3_RNG_next_given_RNG_EEG,True,False,0.0,0.0,0.0,-5737.372321885198,-5742.906090468588,-5.533768583390156,11492.787357115014,11648.196601038731,-155.40924392371926,11478.744643770397,11521.812180937177,-43.06753716678031,10,0,0.0,ok,conditional_target_shuffle,1,425251,True
no_wake,0,lag_0,EEG_next,C0_EEG_next_given_EEG,C1_EEG_next_given_EEG_RNG,True,True,0.0,0.0,0.0,-4822.549535758435,-4895.937167594027,-73.3876318355924,10214.02489285032,10929.725977854956,-715.7010850046354,9789.09907151687,10079.874335188057,-290.7752636711848,10,1,0.1,ok,conditional_target_shuffle,1,425251,True
no_wake,0,lag_0,RNG_next,C2_RNG_next_given_RNG,C3_RNG_next_given_RNG_EEG,True,True,0.8,0.0,-0.8,-1868.9557147481976,-1878.9228770763657,-9.967162328167888,3753.71047844046,3900.037194649311,-146.32671620885094,3741.911429496396,3793.8457541527314,-51.934324656335775,10,1,0.1,ok,conditional_target_shuffle,1,425251,True
stable_sleep,0,lag_0,EEG_next,C0_EEG_next_given_EEG,C1_EEG_next_given_EEG_RNG,True,True,0.8,0.8,0.0,-3436.07514558945,-3582.503219448919,-146.4280738594689,7412.940689323915,8246.587235187868,-833.6465458639532,7016.1502911789,7453.006438897838,-436.8561477189378,10,1,0.1,ok,conditional_target_shuffle,1,425251,True
stable_sleep,0,lag_0,RNG_next,C2_RNG_next_given_RNG,C3_RNG_next_given_RNG_EEG,True,True,0.0,0.0,0.0,-1264.092304904019,-1265.808936180476,-1.7166312764568374,2543.202184149307,2666.776041432369,-123.5738572830619,2532.184609808038,2567.617872360952,-35.433262552913675,10,3,0.3,ok,conditional_target_shuffle,1,425251,True
full,0,lag_0,EEG_next,C0_EEG_next_given_EEG,C1_EEG_next_given_EEG_RNG,True,False,0.8,0.8,0.0,-15624.425058944498,-15708.728897808784,-84.30383886428717,31898.38779829522,32716.53315643002,-818.1453581347996,31392.850117889,31705.45779561757,-312.60767772857434,10,0,0.0,ok,conditional_target_shuffle,2,426260,True
full,0,lag_0,RNG_next,C2_RNG_next_given_RNG,C3_RNG_next_given_RNG_EEG,True,False,0.8,0.0,-0.8,-5738.872005667785,-5743.490987095039,-4.618981427253857,11495.786724680189,11649.366394291634,-153.57966961144666,11481.74401133557,11522.981974190076,-41.237962854507714,10,3,0.3,ok,conditional_target_shuffle,2,426260,True
no_wake,0,lag_0,EEG_next,C0_EEG_next_given_EEG,C1_EEG_next_given_EEG_RNG,True,True,0.0,0.0,0.0,-4811.165918444294,-4829.843912059788,-18.677993615493502,10191.25765822204,10797.539466786477,-606.2818085644376,9766.331836888588,9947.687824119575,-181.355987230987,10,2,0.2,ok,conditional_target_shuffle,2,426260,True
no_wake,0,lag_0,RNG_next,C2_RNG_next_given_RNG,C3_RNG_next_given_RNG_EEG,True,True,0.0,0.0,0.0,-1868.21600185177,-1871.0219879154104,-2.8059860636403755,3752.231052647605,3884.2354163274,-132.00436367979592,3740.43200370354,3778.0439758308207,-37.61197212728075,10,3,0.3,ok,conditional_target_shuffle,2,426260,True
stable_sleep,0,lag_0,EEG_next,C0_EEG_next_given_EEG,C1_EEG_next_given_EEG_RNG,True,True,0.8,0.8,0.0,-3447.059422039736,-3516.758140462414,-69.69871842267776,7434.909242224487,8115.097077214858,-680.1878349903709,7038.118844079472,7321.516280924828,-283.3974368453555,10,1,0.1,ok,conditional_target_shuffle,2,426260,True
stable_sleep,0,lag_0,RNG_next,C2_RNG_next_given_RNG,C3_RNG_next_given_RNG_EEG,True,True,0.8,0.0,-0.8,-1262.4047660438696,-1266.1400107035863,-3.7352446597167273,2539.827106429008,2667.4381904785896,-127.61108404958168,2528.809532087739,2568.2800214071726,-39.470489319433455,10,3,0.3,ok,conditional_target_shuffle,2,426260,True
full,0,lag_0,EEG_next,C0_EEG_next_given_EEG,C1_EEG_next_given_EEG_RNG,True,False,0.8,0.8,0.0,-15478.910110398812,-15518.190011813524,-39.27990141471128,31607.35790120385,32335.455384439498,-728.0974832356478,31101.820220797625,31324.380023627047,-222.55980282942252,10,0,0.0,ok,conditional_target_shuffle,3,427269,True
full,0,lag_0,RNG_next,C2_RNG_next_given_RNG,C3_RNG_next_given_RNG_EEG,True,False,0.0,0.0,0.0,-5738.214462397912,-5741.5123604314085,-3.2978980334964945,11494.47163814044,11645.409140964372,-150.93750282393194,11480.428924795824,11519.024720862815,-38.59579606699299,10,1,0.1,ok,conditional_target_shuffle,3,427269,True
no_wake,0,lag_0,EEG_next,C0_EEG_next_given_EEG,C1_EEG_next_given_EEG_RNG,True,True,0.8,0.0,-0.8,-4741.44477066588,-4775.517661694347,-34.072891028466984,10051.815362665213,10688.886966055596,-637.0716033903846,9626.88954133176,9839.035323388694,-212.145782056934,10,3,0.3,ok,conditional_target_shuffle,3,427269,True
no_wake,0,lag_0,RNG_next,C2_RNG_next_given_RNG,C3_RNG_next_given_RNG_EEG,True,True,0.0,0.0,0.0,-1869.5741103682692,-1873.3403303368864,-3.766219968617179,3754.9472696806033,3888.872101170353,-133.92483148974952,3743.148220736539,3782.680660673773,-39.53243993723436,10,1,0.1,ok,conditional_target_shuffle,3,427269,True
stable_sleep,0,lag_0,EEG_next,C0_EEG_next_given_EEG,C1_EEG_next_given_EEG_RNG,True,True,0.8,0.8,0.0,-3447.002914055334,-3515.09469982144,-68.09178576610611,7434.796226255682,8111.77019593291,-676.9739696772276,7038.005828110668,7318.18939964288,-280.1835715322122,10,0,0.0,ok,conditional_target_shuffle,3,427269,True
stable_sleep,0,lag_0,RNG_next,C2_RNG_next_given_RNG,C3_RNG_next_given_RNG_EEG,True,True,0.8,0.0,-0.8,-1264.7081491374488,-1266.1106659182742,-1.4025167808254082,2544.4338726161664,2667.3795009079654,-122.94562829179904,2533.4162982748976,2568.2213318365484,-34.805033561650816,10,2,0.2,ok,conditional_target_shuffle,3,427269,True
full,0,lag_0,EEG_next,C0_EEG_next_given_EEG,C1_EEG_next_given_EEG_RNG,True,False,0.8,0.8,0.0,-15580.689028762645,-15656.780805838313,-76.09177707566778,31810.915737931515,32612.63697248908,-801.7212345575608,31305.37805752529,31601.561611676625,-296.1835541513356,10,1,0.1,ok,conditional_target_shuffle,4,428278,True
full,0,lag_0,RNG_next,C2_RNG_next_given_RNG,C3_RNG_next_given_RNG_EEG,True,False,0.0,0.0,0.0,-5735.84544798902,-5738.022599153224,-2.177151164204588,11489.733609322657,11638.429618408005,-148.69600908534812,11475.69089597804,11512.045198306449,-36.354302328409176,10,3,0.3,ok,conditional_target_shuffle,4,428278,True
no_wake,0,lag_0,EEG_next,C0_EEG_next_given_EEG,C1_EEG_next_given_EEG_RNG,True,True,0.0,0.0,0.0,-4760.348720236775,-4774.660648191472,-14.31192795469724,10089.623261807,10687.172939049846,-597.5496772428451,9664.69744047355,9837.321296382945,-172.62385590939448,10,1,0.1,ok,conditional_target_shuffle,4,428278,True
no_wake,0,lag_0,RNG_next,C2_RNG_next_given_RNG,C3_RNG_next_given_RNG_EEG,True,True,0.0,0.0,0.0,-1869.0593590564488,-1875.7300832344652,-6.670724178016826,3753.9177670569616,3893.6516069655104,-139.73383990854882,3742.118718112897,3787.4601664689303,-45.34144835603365,10,2,0.2,ok,conditional_target_shuffle,4,428278,True
stable_sleep,0,lag_0,EEG_next,C0_EEG_next_given_EEG,C1_EEG_next_given_EEG_RNG,True,True,0.8,0.8,0.0,-3472.6084795962133,-3555.55487514388,-82.94639554766673,7486.007357337441,8192.690546577789,-706.6831892403479,7089.216959192427,7399.10975028776,-309.89279109533345,10,2,0.2,ok,conditional_target_shuffle,4,428278,True
stable_sleep,0,lag_0,RNG_next,C2_RNG_next_given_RNG,C3_RNG_next_given_RNG_EEG,True,True,0.0,0.0,0.0,-1263.0688307597186,-1268.1368390228442,-5.068008263125648,2541.155235860706,2671.431847117105,-130.27661125639952,2530.137661519437,2572.2736780456885,-42.1360165262513,10,5,0.5,ok,conditional_target_shuffle,4,428278,True
full,0,lag_0,EEG_next,C0_EEG_next_given_EEG,C1_EEG_next_given_EEG_RNG,True,False,0.0,0.0,0.0,-15546.587727077933,-15606.49232904472,-59.9046019667876,31742.713134562087,32512.060018901888,-769.3468843398005,31237.175454155866,31500.98465808944,-263.8092039335752,10,0,0.0,ok,conditional_target_shuffle,5,429287,True
full,0,lag_0,RNG_next,C2_RNG_next_given_RNG,C3_RNG_next_given_RNG_EEG,True,False,0.8,0.0,-0.8,-5738.544333259572,-5748.239131838543,-9.694798578970222,11495.131379863762,11658.86268377864,-163.7313039148794,11481.088666519145,11532.478263677083,-51.38959715794044,10,2,0.2,ok,conditional_target_shuffle,5,429287,True
no_wake,0,lag_0,EEG_next,C0_EEG_next_given_EEG,C1_EEG_next_given_EEG_RNG,True,True,0.0,0.0,0.0,-4739.074363460904,-4932.181402002893,-193.1070385419889,10047.07454825526,11002.214446672688,-955.1398984174284,9622.148726921809,10152.362804005788,-530.2140770839778,10,1,0.1,ok,conditional_target_shuffle,5,429287,True
no_wake,0,lag_0,RNG_next,C2_RNG_next_given_RNG,C3_RNG_next_given_RNG_EEG,True,True,0.8,0.0,-0.8,-1867.6994961544133,-1870.8850077880195,-3.1855116336057563,3751.198041252892,3883.961456072618,-132.76341481972668,3739.398992308827,3777.770015576039,-38.37102326721151,10,2,0.2,ok,conditional_target_shuffle,5,429287,True
stable_sleep,0,lag_0,EEG_next,C0_EEG_next_given_EEG,C1_EEG_next_given_EEG_RNG,True,True,0.8,0.0,-0.8,-3450.706058768912,-3576.5794655622917,-125.87340679337922,7442.202515682839,8234.739727414611,-792.5372117317729,7045.412117537824,7441.1589311245825,-395.7468135867584,10,2,0.2,ok,conditional_target_shuffle,5,429287,False
stable_sleep,0,lag_0,RNG_next,C2_RNG_next_given_RNG,C3_RNG_next_given_RNG_EEG,True,True,0.0,0.8,0.8,-1264.1343144977764,-1268.361772793749,-4.22745829597261,2543.286203336821,2671.881714658915,-128.59551132209344,2532.2686289955527,2572.723545587498,-40.45491659194522,10,3,0.3,ok,conditional_target_shuffle,5,429287,False
full,0,lag_0,EEG_next,C0_EEG_next_given_EEG,C1_EEG_next_given_EEG_RNG,True,False,0.8,0.8,0.0,-15610.196421843746,-15656.342400512349,-46.145978668602766,31869.93052409372,32611.76016183715,-741.8296377434308,31364.39284368749,31600.684801024698,-236.29195733720556,10,1,0.1,ok,conditional_target_shuffle,6,430296,True
full,0,lag_0,RNG_next,C2_RNG_next_given_RNG,C3_RNG_next_given_RNG_EEG,True,False,0.8,0.0,-0.8,-5737.576739938021,-5745.843580392573,-8.266840454552039,11493.19619322066,11654.071580886704,-160.87538766604305,11479.153479876042,11527.687160785146,-48.53368090910408,10,2,0.2,ok,conditional_target_shuffle,6,430296,True
no_wake,0,lag_0,EEG_next,C0_EEG_next_given_EEG,C1_EEG_next_given_EEG_RNG,True,True,0.0,0.0,0.0,-4833.6009194220505,-4849.807787708168,-16.206868286117242,10236.127660177552,10837.467218083237,-601.3395579056851,9811.2018388441,9987.615575416336,-176.41373657223448,10,2,0.2,ok,conditional_target_shuffle,6,430296,True
no_wake,0,lag_0,RNG_next,C2_RNG_next_given_RNG,C3_RNG_next_given_RNG_EEG,True,True,0.8,0.0,-0.8,-1867.8149415014611,-1872.1466965382967,-4.33175503683583,3751.428931946987,3886.484833573174,-135.05590162618682,3739.6298830029223,3780.2933930765935,-40.66351007367166,10,3,0.3,ok,conditional_target_shuffle,6,430296,True
stable_sleep,0,lag_0,EEG_next,C0_EEG_next_given_EEG,C1_EEG_next_given_EEG_RNG,True,True,0.8,0.8,0.0,-3448.154435098591,-3643.6418070932327,-195.48737199464176,7437.099268342196,8368.864410476495,-931.7651421342988,7040.308870197182,7575.2836141864655,-534.9747439892835,10,3,0.3,ok,conditional_target_shuffle,6,430296,True
stable_sleep,0,lag_0,RNG_next,C2_RNG_next_given_RNG,C3_RNG_next_given_RNG_EEG,True,True,0.0,0.0,0.0,-1264.267879681296,-1267.985675687833,-3.7177960065369007,2543.553333703861,2671.129520447083,-127.57618674322202,2532.535759362592,2571.971351375666,-39.4355920130738,10,4,0.4,ok,conditional_target_shuffle,6,430296,True
full,0,lag_0,EEG_next,C0_EEG_next_given_EEG,C1_EEG_next_given_EEG_RNG,True,False,0.8,0.8,0.0,-15550.061558108102,-15652.365228117384,-102.30367000928165,31749.66079662243,32603.805817047218,-854.1450204247885,31244.123116216204,31592.730456234767,-348.60734001856326,10,1,0.1,ok,conditional_target_shuffle,7,431305,False
full,0,lag_0,RNG_next,C2_RNG_next_given_RNG,C3_RNG_next_given_RNG_EEG,True,False,0.0,0.8,0.8,-5738.213963318548,-5744.000543006993,-5.786579688445272,11494.470639981711,11650.385506115545,-155.9148661338295,11480.427926637096,11524.001086013986,-43.573159376890544,10,3,0.3,ok,conditional_target_shuffle,7,431305,False
no_wake,0,lag_0,EEG_next,C0_EEG_next_given_EEG,C1_EEG_next_given_EEG_RNG,True,True,0.8,0.0,-0.8,-4811.475119944064,-4835.712326178492,-24.237206234427504,10191.87606122158,10809.276295023885,-617.4002338023056,9766.950239888129,9959.424652356984,-192.474412468855,10,1,0.1,ok,conditional_target_shuffle,7,431305,True
no_wake,0,lag_0,RNG_next,C2_RNG_next_given_RNG,C3_RNG_next_given_RNG_EEG,True,True,0.8,0.0,-0.8,-1868.0770013934396,-1875.7319674884889,-7.654966095049531,3751.953051730943,3893.655375473557,-141.70232374261423,3740.154002786879,3787.4639349769777,-47.30993219009906,10,2,0.2,ok,conditional_target_shuffle,7,431305,True
stable_sleep,0,lag_0,EEG_next,C0_EEG_next_given_EEG,C1_EEG_next_given_EEG_RNG,True,True,0.8,0.8,0.0,-3568.708025260657,-3659.2617471135777,-90.55372185292026,7678.206448666329,8400.104290517185,-721.8978418508559,7281.416050521315,7606.523494227155,-325.1074437058405,10,1,0.1,ok,conditional_target_shuffle,7,431305,True
stable_sleep,0,lag_0,RNG_next,C2_RNG_next_given_RNG,C3_RNG_next_given_RNG_EEG,True,True,0.8,0.0,-0.8,-1264.2854326186675,-1268.5827863167185,-4.297353698050756,2543.588439578604,2672.323741704853,-128.73530212624974,2532.570865237335,2573.165572633437,-40.59470739610151,10,1,0.1,ok,conditional_target_shuffle,7,431305,True
full,0,lag_0,EEG_next,C0_EEG_next_given_EEG,C1_EEG_next_given_EEG_RNG,True,False,0.8,0.0,-0.8,-15573.263086691495,-15606.072063239792,-32.80897654829823,31796.063853789216,32511.21948729204,-715.1556335028217,31290.52617338299,31500.144126479587,-209.61795309659647,10,0,0.0,ok,conditional_target_shuffle,8,432314,True
full,0,lag_0,RNG_next,C2_RNG_next_given_RNG,C3_RNG_next_given_RNG_EEG,True,False,0.0,0.0,0.0,-5737.887531960973,-5738.584667218821,-0.6971352578475489,11493.817777266564,11639.553754539198,-145.73597727263405,11479.775063921948,11513.169334437642,-33.3942705156951,10,2,0.2,ok,conditional_target_shuffle,8,432314,True
no_wake,0,lag_0,EEG_next,C0_EEG_next_given_EEG,C1_EEG_next_given_EEG_RNG,True,True,0.0,0.0,0.0,-4822.5134783576,-4845.501959552301,-22.988481194701308,10213.95277804865,10828.855561771505,-614.9027837228532,9789.0269567152,9979.003919104602,-189.97696238940264,10,0,0.0,ok,conditional_target_shuffle,8,432314,True
no_wake,0,lag_0,RNG_next,C2_RNG_next_given_RNG,C3_RNG_next_given_RNG_EEG,True,True,0.0,0.0,0.0,-1867.871622376652,-1871.9897524868857,-4.118130110233551,3751.5422936973687,3886.170945470351,-134.62865177298227,3739.743244753304,3779.9795049737713,-40.2362602204671,10,4,0.4,ok,conditional_target_shuffle,8,432314,True
stable_sleep,0,lag_0,EEG_next,C0_EEG_next_given_EEG,C1_EEG_next_given_EEG_RNG,True,True,0.8,0.8,0.0,-3509.8043839610928,-3638.6639789865167,-128.8595950254239,7560.3991660672,8358.908754263062,-798.5095881958623,7163.6087679221855,7565.327957973033,-401.7191900508478,10,1,0.1,ok,conditional_target_shuffle,8,432314,True
stable_sleep,0,lag_0,RNG_next,C2_RNG_next_given_RNG,C3_RNG_next_given_RNG_EEG,True,True,0.8,0.8,0.0,-1264.653976733657,-1267.3120704429969,-2.658093709339937,2544.3255278085826,2669.7823099574107,-125.4567821488281,2533.307953467314,2570.6241408859937,-37.316187418679874,10,3,0.3,ok,conditional_target_shuffle,8,432314,True
full,0,lag_0,EEG_next,C0_EEG_next_given_EEG,C1_EEG_next_given_EEG_RNG,True,False,0.0,0.0,0.0,-15539.877838141363,-15562.431005765842,-22.553167624477283,31729.293356688955,32423.93737234413,-694.6440156551798,31223.75567628273,31412.862011531684,-189.10633524895457,10,1,0.1,ok,conditional_target_shuffle,9,433323,True
full,0,lag_0,RNG_next,C2_RNG_next_given_RNG,C3_RNG_next_given_RNG_EEG,True,False,0.8,0.8,0.0,-5738.09691613342,-5746.329466279488,-8.232550146068206,11494.236545611457,11655.043352660532,-160.80680704907536,11480.19383226684,11528.658932558976,-48.46510029213641,10,0,0.0,ok,conditional_target_shuffle,9,433323,True
no_wake,0,lag_0,EEG_next,C0_EEG_next_given_EEG,C1_EEG_next_given_EEG_RNG,True,True,0.0,0.0,0.0,-4785.875423780857,-4853.37508581696,-67.49966203610256,10140.676668895165,10844.60181430082,-703.9251454056557,9715.750847561714,9994.75017163392,-278.9993240722051,10,2,0.2,ok,conditional_target_shuffle,9,433323,True
no_wake,0,lag_0,RNG_next,C2_RNG_next_given_RNG,C3_RNG_next_given_RNG_EEG,True,True,0.8,0.0,-0.8,-1869.2800953886751,-1874.1094471743145,-4.829351785639119,3754.359239721415,3890.410334845208,-136.0510951237934,3742.5601907773503,3784.218894348629,-41.65870357127824,10,1,0.1,ok,conditional_target_shuffle,9,433323,True
stable_sleep,0,lag_0,EEG_next,C0_EEG_next_given_EEG,C1_EEG_next_given_EEG_RNG,True,True,0.8,0.8,0.0,-3532.190056320444,-3627.370203691782,-95.18014737133808,7605.1705107859025,8336.321203673593,-731.1506928876906,7208.380112640888,7542.740407383564,-334.36029474267616,10,2,0.2,ok,conditional_target_shuffle,9,433323,True
stable_sleep,0,lag_0,RNG_next,C2_RNG_next_given_RNG,C3_RNG_next_given_RNG_EEG,True,True,0.8,0.0,-0.8,-1264.1794083619857,-1270.5343891156874,-6.354980753701966,2543.37639106524,2676.226947302792,-132.85055623755215,2532.358816723971,2577.068778231375,-44.70996150740393,10,3,0.3,ok,conditional_target_shuffle,9,433323,True
full,0,lag_0,EEG_next,C0_EEG_next_given_EEG,C1_EEG_next_given_EEG_RNG,True,False,0.8,0.0,-0.8,-15506.928996239418,-15569.915420179705,-62.98642394028502,31663.39567288506,32438.906201171856,-775.5105282867953,31157.85799247884,31427.83084035941,-269.97284788057004,10,0,0.0,ok,conditional_target_shuffle,10,434332,True
full,0,lag_0,RNG_next,C2_RNG_next_given_RNG,C3_RNG_next_given_RNG_EEG,True,False,0.8,0.0,-0.8,-5738.254000973797,-5740.09784697726,-1.8438460034631132,11494.550715292213,11642.580114056076,-148.02939876386515,11480.508001947594,11516.19569395452,-35.68769200692623,10,1,0.1,ok,conditional_target_shuffle,10,434332,True
no_wake,0,lag_0,EEG_next,C0_EEG_next_given_EEG,C1_EEG_next_given_EEG_RNG,True,True,0.0,0.0,0.0,-4783.931356386706,-4797.039659062194,-13.10830267548772,10136.788534106863,10731.93096079129,-595.142426684426,9711.862712773413,9882.079318124388,-170.21660535097544,10,3,0.3,ok,conditional_target_shuffle,10,434332,True
no_wake,0,lag_0,RNG_next,C2_RNG_next_given_RNG,C3_RNG_next_given_RNG_EEG,True,True,0.8,0.8,0.0,-1868.3005199364336,-1870.968115472572,-2.667595536138606,3752.400088816932,3884.127671441724,-131.72758262479238,3740.601039872867,3777.936230945144,-37.33519107227721,10,2,0.2,ok,conditional_target_shuffle,10,434332,True
stable_sleep,0,lag_0,EEG_next,C0_EEG_next_given_EEG,C1_EEG_next_given_EEG_RNG,True,True,0.0,0.0,0.0,-3501.083885323466,-3533.224195337169,-32.140310013702674,7542.958168791946,8148.029186964367,-605.0710181724207,7146.167770646932,7354.448390674337,-208.28062002740532,10,1,0.1,ok,conditional_target_shuffle,10,434332,True
stable_sleep,0,lag_0,RNG_next,C2_RNG_next_given_RNG,C3_RNG_next_given_RNG_EEG,True,True,0.0,0.0,0.0,-1265.0595887323616,-1266.8801348258514,-1.8205460934898383,2545.136751805992,2668.91843872312,-123.7816869171279,2534.119177464723,2569.760269651703,-35.64109218697968,10,1,0.1,ok,conditional_target_shuffle,10,434332,True
full,0,lag_0,EEG_next,C0_EEG_next_given_EEG,C1_EEG_next_given_EEG_RNG,True,False,0.8,0.8,0.0,-15563.268959033976,-15625.021307767332,-61.75234873335648,31776.075598474177,32549.117976347115,-773.0423778729382,31270.537918067952,31538.042615534665,-267.50469746671297,10,1,0.1,ok,conditional_target_shuffle,11,435341,True
full,0,lag_0,RNG_next,C2_RNG_next_given_RNG,C3_RNG_next_given_RNG_EEG,True,False,0.0,0.0,0.0,-5738.7973423108815,-5739.4849458756125,-0.6876035647310346,11495.63739796638,11641.35431185278,-145.71691388640102,11481.594684621765,11514.969891751223,-33.37520712946207,10,2,0.2,ok,conditional_target_shuffle,11,435341,True
no_wake,0,lag_0,EEG_next,C0_EEG_next_given_EEG,C1_EEG_next_given_EEG_RNG,True,True,0.0,0.0,0.0,-4774.990201632995,-4871.901600537716,-96.91139890472095,10118.90622459944,10881.654843742332,-762.7486191428925,9693.98040326599,10031.803201075432,-337.8227978094419,10,0,0.0,ok,conditional_target_shuffle,11,435341,True
no_wake,0,lag_0,RNG_next,C2_RNG_next_given_RNG,C3_RNG_next_given_RNG_EEG,True,True,0.0,0.0,0.0,-1868.9821704903404,-1869.2335882624564,-0.2514177721159285,3753.763389924745,3880.658617021492,-126.89522709674702,3741.964340980681,3774.4671765249127,-32.50283554423186,10,3,0.3,ok,conditional_target_shuffle,11,435341,True
stable_sleep,0,lag_0,EEG_next,C0_EEG_next_given_EEG,C1_EEG_next_given_EEG_RNG,True,True,0.8,0.8,0.0,-3424.688829403706,-3526.25872826586,-101.56989886215342,7390.168056952427,8134.098252821749,-743.9301958693222,6993.377658807412,7340.517456531719,-347.13979772430685,10,3,0.3,ok,conditional_target_shuffle,11,435341,True
stable_sleep,0,lag_0,RNG_next,C2_RNG_next_given_RNG,C3_RNG_next_given_RNG_EEG,True,True,0.0,0.0,0.0,-1264.3265497022794,-1272.3900225499897,-8.063472847710045,2543.670673745828,2679.938214171396,-136.2675404255683,2532.653099404559,2580.780045099979,-48.12694569542009,10,1,0.1,ok,conditional_target_shuffle,11,435341,True
full,0,lag_0,EEG_next,C0_EEG_next_given_EEG,C1_EEG_next_given_EEG_RNG,True,False,0.0,0.0,0.0,-12038.346329061376,-12110.797272262822,-72.45094320144563,24726.29119707272,25520.79162242558,-794.5004253528568,24220.692658122756,24509.594544525644,-288.90188640289125,10,0,0.0,ok,stage_preserving_rng_shuffle,0,424242,True
full,0,lag_0,RNG_next,C2_RNG_next_given_RNG,C3_RNG_next_given_RNG_EEG,True,False,0.0,0.0,0.0,-5744.334069325397,-5741.344730149697,2.9893391756995698,11506.712542510517,11645.089095036888,-138.3765525263716,11492.668138650792,11518.689460299394,-26.02132164860086,10,2,0.2,ok,stage_preserving_rng_shuffle,0,424242,True
no_wake,0,lag_0,EEG_next,C0_EEG_next_given_EEG,C1_EEG_next_given_EEG_RNG,True,True,0.8,0.8,0.0,-3461.7217421413907,-3568.819446222014,-107.09770408062332,7492.369305616232,8275.490535110928,-783.1212294946963,7067.443484282781,7425.638892444028,-358.19540816124663,10,2,0.2,ok,stage_preserving_rng_shuffle,0,424242,True
no_wake,0,lag_0,RNG_next,C2_RNG_next_given_RNG,C3_RNG_next_given_RNG_EEG,True,True,0.8,0.0,-0.8,-1871.31010406512,-1874.880242210933,-3.5701381458129617,3758.4222222342246,3891.978611357729,-133.5563891235047,3746.62020813024,3785.760484421866,-39.14027629162592,10,3,0.3,ok,stage_preserving_rng_shuffle,0,424242,True
stable_sleep,0,lag_0,EEG_next,C0_EEG_next_given_EEG,C1_EEG_next_given_EEG_RNG,True,True,0.8,0.8,0.0,-2791.120643891387,-2990.216183782942,-199.0955398915553,6123.031685927788,7062.013163855914,-938.981477928126,5726.241287782774,6268.432367565884,-542.1910797831106,10,1,0.1,ok,stage_preserving_rng_shuffle,0,424242,True
stable_sleep,0,lag_0,RNG_next,C2_RNG_next_given_RNG,C3_RNG_next_given_RNG_EEG,True,True,0.0,0.0,0.0,-1267.0150879574835,-1268.584218142017,-1.5691301845336056,2549.0510370277234,2672.356186298839,-123.30514927111562,2538.0301759149675,2573.1684362840347,-35.13826036906721,10,3,0.3,ok,stage_preserving_rng_shuffle,0,424242,True
full,0,lag_0,EEG_next,C0_EEG_next_given_EEG,C1_EEG_next_given_EEG_RNG,True,False,0.0,0.0,0.0,-12038.346329061376,-12140.762590124066,-102.41626106268995,24726.29119707272,25580.722258148067,-854.4310610753455,24220.692658122756,24569.525180248133,-348.8325221253799,10,0,0.0,ok,stage_preserving_rng_shuffle,1,425251,False
full,0,lag_0,RNG_next,C2_RNG_next_given_RNG,C3_RNG_next_given_RNG_EEG,True,False,0.0,0.8,0.8,-5745.749348440919,-5742.22564911256,3.5236993283588163,11509.54310074156,11646.850932962612,-137.3078322210531,11495.498696881838,11520.45129822512,-24.952601343282367,10,1,0.1,ok,stage_preserving_rng_shuffle,1,425251,False
no_wake,0,lag_0,EEG_next,C0_EEG_next_given_EEG,C1_EEG_next_given_EEG_RNG,True,True,0.8,0.8,0.0,-3461.7217421413907,-3574.6555386287614,-112.93379648737071,7492.369305616232,8287.162719924423,-794.7934143081911,7067.443484282781,7437.311077257523,-369.8675929747415,10,0,0.0,ok,stage_preserving_rng_shuffle,1,425251,True
no_wake,0,lag_0,RNG_next,C2_RNG_next_given_RNG,C3_RNG_next_given_RNG_EEG,True,True,0.0,0.0,0.0,-1870.537024046359,-1874.9843753998048,-4.447351353445811,3756.876062196703,3892.186877735473,-135.31081553877038,3745.074048092718,3785.9687507996096,-40.89470270689162,10,2,0.2,ok,stage_preserving_rng_shuffle,1,425251,True
stable_sleep,0,lag_0,EEG_next,C0_EEG_next_given_EEG,C1_EEG_next_given_EEG_RNG,True,True,0.8,0.8,0.0,-2791.120643891387,-2903.7399355766674,-112.6192916852806,6123.031685927788,6889.060667443365,-766.0289815155766,5726.241287782774,6095.479871153335,-369.2385833705612,10,1,0.1,ok,stage_preserving_rng_shuffle,1,425251,True
stable_sleep,0,lag_0,RNG_next,C2_RNG_next_given_RNG,C3_RNG_next_given_RNG_EEG,True,True,0.0,0.0,0.0,-1266.7084714445011,-1270.224010587595,-3.515539143094202,2548.437804001758,2675.6357711899946,-127.19796718823636,2537.4169428890023,2576.4480211751907,-39.0310782861884,10,3,0.3,ok,stage_preserving_rng_shuffle,1,425251,True
full,0,lag_0,EEG_next,C0_EEG_next_given_EEG,C1_EEG_next_given_EEG_RNG,True,False,0.0,0.0,0.0,-12038.346329061376,-12144.74228064365,-106.39595158227348,24726.29119707272,25588.681639187234,-862.3904421145126,24220.692658122756,24577.4845612873,-356.79190316454697,10,0,0.0,ok,stage_preserving_rng_shuffle,2,426260,True
full,0,lag_0,RNG_next,C2_RNG_next_given_RNG,C3_RNG_next_given_RNG_EEG,True,False,0.8,0.0,-0.8,-5744.518233060927,-5745.052199457954,-0.5339663970271431,11507.080869981575,11652.5040336534,-145.42316367182502,11493.036466121854,11526.104398915908,-33.067932794054286,10,1,0.1,ok,stage_preserving_rng_shuffle,2,426260,True
no_wake,0,lag_0,EEG_next,C0_EEG_next_given_EEG,C1_EEG_next_given_EEG_RNG,True,True,0.8,0.8,0.0,-3461.7217421413907,-3568.9104633699235,-107.1887212285328,7492.369305616232,8275.672569406748,-783.3032637905162,7067.443484282781,7425.820926739847,-358.3774424570656,10,0,0.0,ok,stage_preserving_rng_shuffle,2,426260,True
no_wake,0,lag_0,RNG_next,C2_RNG_next_given_RNG,C3_RNG_next_given_RNG_EEG,True,True,0.0,0.0,0.0,-1869.3201410387549,-1877.366446587889,-8.046305549134104,3754.4422961814944,3896.951020111642,-142.50872393014697,3742.6402820775097,3790.732893175778,-48.09261109826821,10,1,0.1,ok,stage_preserving_rng_shuffle,2,426260,True
stable_sleep,0,lag_0,EEG_next,C0_EEG_next_given_EEG,C1_EEG_next_given_EEG_RNG,True,True,0.8,0.8,0.0,-2791.120643891387,-2893.697762420873,-102.5771185294866,6123.031685927788,6868.976321131777,-745.9446352039886,5726.241287782774,6075.395524841747,-349.1542370589732,10,1,0.1,ok,stage_preserving_rng_shuffle,2,426260,False
stable_sleep,0,lag_0,RNG_next,C2_RNG_next_given_RNG,C3_RNG_next_given_RNG_EEG,True,True,0.0,0.0,0.0,-1267.6691602626263,-1270.3563553466545,-2.6871950840279624,2550.359181638009,2675.9004607081133,-125.54127907010434,2539.338320525253,2576.712710693309,-37.374390168055925,10,7,0.7,ok,stage_preserving_rng_shuffle,2,426260,False
full,0,lag_0,EEG_next,C0_EEG_next_given_EEG,C1_EEG_next_given_EEG_RNG,True,False,0.0,0.0,0.0,-12038.346329061376,-12178.17967424259,-139.8333451812141,24726.29119707272,25655.55642638512,-929.2652293123938,24220.692658122756,24644.35934848518,-423.6666903624282,10,0,0.0,ok,stage_preserving_rng_shuffle,3,427269,True
full,0,lag_0,RNG_next,C2_RNG_next_given_RNG,C3_RNG_next_given_RNG_EEG,True,False,0.0,0.0,0.0,-5745.2237583571,-5745.073057144563,0.15070121253666,11508.49192057392,11652.545749026618,-144.05382845269742,11494.4475167142,11526.146114289126,-31.69859757492668,10,1,0.1,ok,stage_preserving_rng_shuffle,3,427269,True
no_wake,0,lag_0,EEG_next,C0_EEG_next_given_EEG,C1_EEG_next_given_EEG_RNG,True,True,0.8,0.0,-0.8,-3461.7217421413907,-3591.1598788570245,-129.43813671563385,7492.369305616232,8320.17140038095,-827.8020947647183,7067.443484282781,7470.319757714049,-402.8762734312677,10,0,0.0,ok,stage_preserving_rng_shuffle,3,427269,True
no_wake,0,lag_0,RNG_next,C2_RNG_next_given_RNG,C3_RNG_next_given_RNG_EEG,True,True,0.8,0.0,-0.8,-1871.390288806508,-1876.077083656549,-4.686794850040769,3758.582591717001,3894.3722942489608,-135.7897025319603,3746.780577613016,3788.154167313097,-41.37358970008154,10,0,0.0,ok,stage_preserving_rng_shuffle,3,427269,True
stable_sleep,0,lag_0,EEG_next,C0_EEG_next_given_EEG,C1_EEG_next_given_EEG_RNG,True,True,0.8,0.8,0.0,-2791.120643891387,-2919.342216546025,-128.2215726546383,6123.031685927788,6920.26522938208,-797.233543454292,5726.241287782774,6126.68443309205,-400.4431453092766,10,1,0.1,ok,stage_preserving_rng_shuffle,3,427269,False
stable_sleep,0,lag_0,RNG_next,C2_RNG_next_given_RNG,C3_RNG_next_given_RNG_EEG,True,True,0.0,0.8,0.8,-1266.8569585630323,-1272.8435944651194,-5.986635902086846,2548.734778238821,2680.874938945043,-132.1401607062221,2537.713917126065,2581.687188930239,-43.97327180417369,10,1,0.1,ok,stage_preserving_rng_shuffle,3,427269,False
full,0,lag_0,EEG_next,C0_EEG_next_given_EEG,C1_EEG_next_given_EEG_RNG,True,False,0.0,0.0,0.0,-12038.346329061376,-12192.728521266936,-154.38219220555948,24726.29119707272,25684.654120433806,-958.3629233610844,24220.692658122756,24673.45704253387,-452.76438441111895,10,0,0.0,ok,stage_preserving_rng_shuffle,4,428278,True
full,0,lag_0,RNG_next,C2_RNG_next_given_RNG,C3_RNG_next_given_RNG_EEG,True,False,0.8,0.0,-0.8,-5744.420949305148,-5742.792722300981,1.628227004166547,11506.886302470017,11647.985079339454,-141.09877686943764,11492.841898610295,11521.585444601962,-28.743545991666902,10,1,0.1,ok,stage_preserving_rng_shuffle,4,428278,True
no_wake,0,lag_0,EEG_next,C0_EEG_next_given_EEG,C1_EEG_next_given_EEG_RNG,True,True,0.8,0.8,0.0,-3461.7217421413907,-3573.633511178936,-111.91176903754469,7492.369305616232,8285.118665024771,-792.749359408539,7067.443484282781,7435.267022357871,-367.82353807508935,10,2,0.2,ok,stage_preserving_rng_shuffle,4,428278,True
no_wake,0,lag_0,RNG_next,C2_RNG_next_given_RNG,C3_RNG_next_given_RNG_EEG,True,True,0.0,0.0,0.0,-1870.8812640004687,-1873.596443374652,-2.715179374183436,3757.564542104922,3889.411013685168,-131.84647158024563,3745.7625280009374,3783.192886749304,-37.43035874836687,10,4,0.4,ok,stage_preserving_rng_shuffle,4,428278,True
stable_sleep,0,lag_0,EEG_next,C0_EEG_next_given_EEG,C1_EEG_next_given_EEG_RNG,True,True,0.8,0.8,0.0,-2791.120643891387,-3057.5975144812405,-266.47687058985366,6123.031685927788,7196.775825252511,-1073.7441393247227,5726.241287782774,6403.195028962481,-676.9537411797073,10,0,0.0,ok,stage_preserving_rng_shuffle,4,428278,True
stable_sleep,0,lag_0,RNG_next,C2_RNG_next_given_RNG,C3_RNG_next_given_RNG_EEG,True,True,0.8,0.0,-0.8,-1267.9889821425409,-1273.587916283583,-5.598934141042037,2550.9988253978377,2682.36358258197,-131.3647571841325,2539.9779642850817,2583.175832567166,-43.19786828208407,10,2,0.2,ok,stage_preserving_rng_shuffle,4,428278,True
full,0,lag_0,EEG_next,C0_EEG_next_given_EEG,C1_EEG_next_given_EEG_RNG,True,False,0.0,0.0,0.0,-12038.346329061376,-12228.129229050312,-189.78289998893703,24726.29119707272,25755.45553600056,-1029.1643389278397,24220.692658122756,24744.258458100627,-523.5657999778741,10,0,0.0,ok,stage_preserving_rng_shuffle,5,429287,True
full,0,lag_0,RNG_next,C2_RNG_next_given_RNG,C3_RNG_next_given_RNG_EEG,True,False,0.8,0.8,0.0,-5744.412680671361,-5741.174369028812,3.238311642548979,11506.869765202444,11644.748372795117,-137.87860759267278,11492.825361342722,11518.348738057624,-25.52337671490204,10,1,0.1,ok,stage_preserving_rng_shuffle,5,429287,True
no_wake,0,lag_0,EEG_next,C0_EEG_next_given_EEG,C1_EEG_next_given_EEG_RNG,True,True,0.8,0.8,0.0,-3461.7217421413907,-3559.864412795302,-98.1426706539114,7492.369305616232,8257.580468257505,-765.2111626412734,7067.443484282781,7407.728825590604,-340.2853413078228,10,1,0.1,ok,stage_preserving_rng_shuffle,5,429287,True
no_wake,0,lag_0,RNG_next,C2_RNG_next_given_RNG,C3_RNG_next_given_RNG_EEG,True,True,0.0,0.0,0.0,-1869.3303105356545,-1872.4278464410795,-3.0975359054250475,3754.4626351752936,3887.0738198180234,-132.61118464272886,3742.660621071309,3780.855692882159,-38.195071810850095,10,3,0.3,ok,stage_preserving_rng_shuffle,5,429287,True
stable_sleep,0,lag_0,EEG_next,C0_EEG_next_given_EEG,C1_EEG_next_given_EEG_RNG,True,True,0.8,0.8,0.0,-2791.120643891387,-2900.478189981241,-109.35754608985462,6123.031685927788,6882.537176252513,-759.5054903247246,5726.241287782774,6088.956379962483,-362.7150921797093,10,0,0.0,ok,stage_preserving_rng_shuffle,5,429287,False
stable_sleep,0,lag_0,RNG_next,C2_RNG_next_given_RNG,C3_RNG_next_given_RNG_EEG,True,True,0.0,0.8,0.8,-1266.6092692922316,-1278.0713492913435,-11.462079999111891,2548.239399697219,2691.330448597492,-143.0910489002722,2537.218538584463,2592.142698582687,-54.924159998223786,10,5,0.5,ok,stage_preserving_rng_shuffle,5,429287,False
full,0,lag_0,EEG_next,C0_EEG_next_given_EEG,C1_EEG_next_given_EEG_RNG,True,False,0.0,0.0,0.0,-12038.346329061376,-12195.824615615757,-157.47828655437843,24726.29119707272,25690.846309131444,-964.5551120587224,24220.692658122756,24679.64923123151,-458.95657310875686,10,0,0.0,ok,stage_preserving_rng_shuffle,6,430296,True
full,0,lag_0,RNG_next,C2_RNG_next_given_RNG,C3_RNG_next_given_RNG_EEG,True,False,0.8,0.8,0.0,-5745.244866344374,-5743.188165585735,2.0567007586387263,11508.53413654847,11648.775965908962,-140.24182936049328,11494.489732688748,11522.37633117147,-27.886598482722547,10,2,0.2,ok,stage_preserving_rng_shuffle,6,430296,True
no_wake,0,lag_0,EEG_next,C0_EEG_next_given_EEG,C1_EEG_next_given_EEG_RNG,True,True,0.8,0.8,0.0,-3461.7217421413907,-3553.9906503977363,-92.26890825634564,7492.369305616232,8245.832943462374,-753.4636378461419,7067.443484282781,7395.981300795473,-328.5378165126913,10,1,0.1,ok,stage_preserving_rng_shuffle,6,430296,True
no_wake,0,lag_0,RNG_next,C2_RNG_next_given_RNG,C3_RNG_next_given_RNG_EEG,True,True,0.0,0.0,0.0,-1869.6437589855584,-1879.1025921519465,-9.458833166387649,3755.089532075102,3900.423311239756,-145.33377916465406,3743.287517971117,3794.205184303893,-50.9176663327753,10,5,0.5,ok,stage_preserving_rng_shuffle,6,430296,True
stable_sleep,0,lag_0,EEG_next,C0_EEG_next_given_EEG,C1_EEG_next_given_EEG_RNG,True,True,0.8,0.8,0.0,-2791.120643891387,-2884.5115398443645,-93.39089595297764,6123.031685927788,6850.603875978759,-727.5721900509707,5726.241287782774,6057.023079688729,-330.7817919059553,10,2,0.2,ok,stage_preserving_rng_shuffle,6,430296,True
stable_sleep,0,lag_0,RNG_next,C2_RNG_next_given_RNG,C3_RNG_next_given_RNG_EEG,True,True,0.0,0.0,0.0,-1266.886229822534,-1271.4289144431923,-4.542684620658292,2548.793320757824,2678.0455789011885,-129.25225814336454,2537.772459645068,2578.8578288863846,-41.085369241316585,10,2,0.2,ok,stage_preserving_rng_shuffle,6,430296,True
full,0,lag_0,EEG_next,C0_EEG_next_given_EEG,C1_EEG_next_given_EEG_RNG,True,False,0.0,0.0,0.0,-12038.346329061376,-12377.19899662141,-338.8526675600333,24726.29119707272,26053.595071142758,-1327.3038740700322,24220.692658122756,25042.39799324282,-821.7053351200666,10,0,0.0,ok,stage_preserving_rng_shuffle,7,431305,True
full,0,lag_0,RNG_next,C2_RNG_next_given_RNG,C3_RNG_next_given_RNG_EEG,True,False,0.0,0.0,0.0,-5744.876680559997,-5744.590230758459,0.2864498015378558,11507.797764979716,11651.58009625441,-143.78233127469505,11493.753361119994,11525.18046151692,-31.42710039692429,10,1,0.1,ok,stage_preserving_rng_shuffle,7,431305,True
no_wake,0,lag_0,EEG_next,C0_EEG_next_given_EEG,C1_EEG_next_given_EEG_RNG,True,True,0.8,0.8,0.0,-3461.7217421413907,-3594.335760247216,-132.61401810582493,7492.369305616232,8326.523163161331,-834.1538575450995,7067.443484282781,7476.671520494431,-409.22803621164985,10,1,0.1,ok,stage_preserving_rng_shuffle,7,431305,True
no_wake,0,lag_0,RNG_next,C2_RNG_next_given_RNG,C3_RNG_next_given_RNG_EEG,True,True,0.0,0.0,0.0,-1869.2548970105988,-1874.231962695529,-4.977065684930267,3754.3118081251823,3890.6820523269216,-136.3702442017393,3742.5097940211976,3784.463925391058,-41.95413136986053,10,1,0.1,ok,stage_preserving_rng_shuffle,7,431305,True
stable_sleep,0,lag_0,EEG_next,C0_EEG_next_given_EEG,C1_EEG_next_given_EEG_RNG,True,True,0.8,0.8,0.0,-2791.120643891387,-2882.915800357034,-91.79515646564732,6123.031685927788,6847.412397004098,-724.38071107631,5726.241287782774,6053.831600714068,-327.59031293129465,10,1,0.1,ok,stage_preserving_rng_shuffle,7,431305,True
stable_sleep,0,lag_0,RNG_next,C2_RNG_next_given_RNG,C3_RNG_next_given_RNG_EEG,True,True,0.0,0.0,0.0,-1266.50654918543,-1267.3516987497435,-0.8451495643134876,2548.033959483616,2669.891147514292,-121.8571880306754,2537.01309837086,2570.703397499487,-33.690299128626975,10,4,0.4,ok,stage_preserving_rng_shuffle,7,431305,True
full,0,lag_0,EEG_next,C0_EEG_next_given_EEG,C1_EEG_next_given_EEG_RNG,True,False,0.0,0.0,0.0,-12038.346329061376,-12244.675725690418,-206.3293966290421,24726.29119707272,25788.54852928077,-1062.2573322080498,24220.692658122756,24777.35145138084,-556.6587932580842,10,0,0.0,ok,stage_preserving_rng_shuffle,8,432314,True
full,0,lag_0,RNG_next,C2_RNG_next_given_RNG,C3_RNG_next_given_RNG_EEG,True,False,0.8,0.0,-0.8,-5743.937000452894,-5743.8906656973895,0.0463347555041764,11505.918404765507,11650.180966132271,-144.26256136676238,11491.874000905787,11523.78133139478,-31.907330488991647,10,3,0.3,ok,stage_preserving_rng_shuffle,8,432314,True
no_wake,0,lag_0,EEG_next,C0_EEG_next_given_EEG,C1_EEG_next_given_EEG_RNG,True,True,0.8,0.8,0.0,-3461.7217421413907,-3573.529376997239,-111.8076348558484,7492.369305616232,8284.910396661378,-792.5410910451465,7067.443484282781,7435.058753994478,-367.6152697116968,10,1,0.1,ok,stage_preserving_rng_shuffle,8,432314,True
no_wake,0,lag_0,RNG_next,C2_RNG_next_given_RNG,C3_RNG_next_given_RNG_EEG,True,True,0.0,0.0,0.0,-1870.6469244677448,-1874.099009140453,-3.452084672708452,3757.095863039474,3890.4161452167696,-133.32028217729567,3745.293848935489,3784.198018280906,-38.9041693454169,10,2,0.2,ok,stage_preserving_rng_shuffle,8,432314,True
stable_sleep,0,lag_0,EEG_next,C0_EEG_next_given_EEG,C1_EEG_next_given_EEG_RNG,True,True,0.8,0.8,0.0,-2791.120643891387,-2993.199738291605,-202.0790944002183,6123.031685927788,7067.98027287324,-944.948586945452,5726.241287782774,6274.39947658321,-548.1581888004366,10,0,0.0,ok,stage_preserving_rng_shuffle,8,432314,False
stable_sleep,0,lag_0,RNG_next,C2_RNG_next_given_RNG,C3_RNG_next_given_RNG_EEG,True,True,0.0,0.8,0.8,-1268.2013934706674,-1272.7985085594237,-4.597115088756027,2551.423648054091,2680.7847671336517,-129.36111907956047,2540.402786941335,2581.597017118847,-41.19423017751205,10,2,0.2,ok,stage_preserving_rng_shuffle,8,432314,False
full,0,lag_0,EEG_next,C0_EEG_next_given_EEG,C1_EEG_next_given_EEG_RNG,True,False,0.0,0.0,0.0,-12038.346329061376,-12130.00702305568,-91.66069399430488,24726.29119707272,25559.211124011297,-832.9199269385754,24220.692658122756,24548.01404611136,-327.3213879886098,10,0,0.0,ok,stage_preserving_rng_shuffle,9,433323,True
full,0,lag_0,RNG_next,C2_RNG_next_given_RNG,C3_RNG_next_given_RNG_EEG,True,False,0.8,0.8,0.0,-5744.660197934342,-5744.0744769292605,0.585721005081723,11507.364799728406,11650.548588596012,-143.1837888676073,11493.320395868684,11524.14895385852,-30.828557989836558,10,2,0.2,ok,stage_preserving_rng_shuffle,9,433323,True
no_wake,0,lag_0,EEG_next,C0_EEG_next_given_EEG,C1_EEG_next_given_EEG_RNG,True,True,0.8,0.8,0.0,-3461.7217421413907,-3580.665113644783,-118.94337150339244,7492.369305616232,8299.181869956466,-806.8125643402345,7067.443484282781,7449.330227289566,-381.88674300678485,10,1,0.1,ok,stage_preserving_rng_shuffle,9,433323,True
no_wake,0,lag_0,RNG_next,C2_RNG_next_given_RNG,C3_RNG_next_given_RNG_EEG,True,True,0.0,0.0,0.0,-1870.896551619874,-1874.690595899838,-3.794044279963828,3757.595117343733,3891.5993187355393,-134.00420139180642,3745.793103239748,3785.381191799676,-39.588088559927655,10,1,0.1,ok,stage_preserving_rng_shuffle,9,433323,True
stable_sleep,0,lag_0,EEG_next,C0_EEG_next_given_EEG,C1_EEG_next_given_EEG_RNG,True,True,0.8,0.8,0.0,-2791.120643891387,-2948.4979105656803,-157.37726667429342,6123.031685927788,6978.57661742139,-855.5449314936022,5726.241287782774,6184.995821131361,-458.7545333485869,10,1,0.1,ok,stage_preserving_rng_shuffle,9,433323,True
stable_sleep,0,lag_0,RNG_next,C2_RNG_next_given_RNG,C3_RNG_next_given_RNG_EEG,True,True,0.0,0.0,0.0,-1267.2262790432503,-1277.8786195518346,-10.652340508584077,2549.473419199257,2690.944989118473,-141.4715699192161,2538.452558086501,2591.757239103669,-53.30468101716815,10,2,0.2,ok,stage_preserving_rng_shuffle,9,433323,True
full,0,lag_0,EEG_next,C0_EEG_next_given_EEG,C1_EEG_next_given_EEG_RNG,True,False,0.0,0.0,0.0,-12038.346329061376,-12136.827024201824,-98.480695140448,24726.29119707272,25572.851126303583,-846.5599292308616,24220.692658122756,24561.65404840365,-340.961390280896,10,0,0.0,ok,stage_preserving_rng_shuffle,10,434332,True
full,0,lag_0,RNG_next,C2_RNG_next_given_RNG,C3_RNG_next_given_RNG_EEG,True,False,0.8,0.8,0.0,-5744.651493774344,-5741.6631030407325,2.988390733611596,11507.34739140841,11645.725840818955,-138.37844941054755,11493.302987548688,11519.326206081463,-26.02321853277681,10,2,0.2,ok,stage_preserving_rng_shuffle,10,434332,True
no_wake,0,lag_0,EEG_next,C0_EEG_next_given_EEG,C1_EEG_next_given_EEG_RNG,True,True,0.8,0.8,0.0,-3461.7217421413907,-3620.165533659616,-158.44379151822477,7492.369305616232,8378.182709986131,-885.8134043698992,7067.443484282781,7528.331067319231,-460.8875830364496,10,1,0.1,ok,stage_preserving_rng_shuffle,10,434332,True
no_wake,0,lag_0,RNG_next,C2_RNG_next_given_RNG,C3_RNG_next_given_RNG_EEG,True,True,0.0,0.0,0.0,-1870.1926072101703,-1874.371628202032,-4.17902099186108,3756.1872285243257,3890.961383339927,-134.77415481560092,3744.385214420341,3784.7432564040632,-40.35804198372216,10,2,0.2,ok,stage_preserving_rng_shuffle,10,434332,True
stable_sleep,0,lag_0,EEG_next,C0_EEG_next_given_EEG,C1_EEG_next_given_EEG_RNG,True,True,0.8,0.8,0.0,-2791.120643891387,-2906.1520917095395,-115.03144781815264,6123.031685927788,6893.884979709109,-770.8532937813206,5726.241287782774,6100.304183419079,-374.06289563630526,10,0,0.0,ok,stage_preserving_rng_shuffle,10,434332,True
stable_sleep,0,lag_0,RNG_next,C2_RNG_next_given_RNG,C3_RNG_next_given_RNG_EEG,True,True,0.0,0.0,0.0,-1267.1124606820874,-1275.999134832421,-8.886674150333647,2549.245782476931,2687.186019679646,-137.94023720271525,2538.224921364175,2587.998269664842,-49.773348300667294,10,4,0.4,ok,stage_preserving_rng_shuffle,10,434332,True
full,0,lag_0,EEG_next,C0_EEG_next_given_EEG,C1_EEG_next_given_EEG_RNG,True,False,0.0,0.0,0.0,-12038.346329061376,-12137.62927868139,-99.28294962001382,24726.29119707272,25574.455635262715,-848.1644381899932,24220.692658122756,24563.25855736278,-342.56589924002765,10,0,0.0,ok,stage_preserving_rng_shuffle,11,435341,True
full,0,lag_0,RNG_next,C2_RNG_next_given_RNG,C3_RNG_next_given_RNG_EEG,True,False,0.8,0.0,-0.8,-5744.82625101492,-5745.380226006829,-0.5539749919089445,11507.69690588956,11653.16008675115,-145.46318086158865,11493.65250202984,11526.760452013656,-33.10794998381789,10,1,0.1,ok,stage_preserving_rng_shuffle,11,435341,True
no_wake,0,lag_0,EEG_next,C0_EEG_next_given_EEG,C1_EEG_next_given_EEG_RNG,True,True,0.8,0.8,0.0,-3461.7217421413907,-3587.639275694809,-125.91753355341824,7492.369305616232,8313.130194056519,-820.7608884402871,7067.443484282781,7463.278551389618,-395.8350671068365,10,1,0.1,ok,stage_preserving_rng_shuffle,11,435341,True
no_wake,0,lag_0,RNG_next,C2_RNG_next_given_RNG,C3_RNG_next_given_RNG_EEG,True,True,0.0,0.0,0.0,-1870.85362529348,-1875.4665669612507,-4.612941667770883,3757.509264690944,3893.151260858365,-135.64199616742053,3745.70725058696,3786.933133922501,-41.225883335541766,10,4,0.4,ok,stage_preserving_rng_shuffle,11,435341,True
stable_sleep,0,lag_0,EEG_next,C0_EEG_next_given_EEG,C1_EEG_next_given_EEG_RNG,True,True,0.8,0.8,0.0,-2791.120643891387,-2867.948169075613,-76.82752518422603,6123.031685927788,6817.477134441256,-694.4454485134675,5726.241287782774,6023.896338151226,-297.65505036845207,10,0,0.0,ok,stage_preserving_rng_shuffle,11,435341,True
stable_sleep,0,lag_0,RNG_next,C2_RNG_next_given_RNG,C3_RNG_next_given_RNG_EEG,True,True,0.0,0.0,0.0,-1266.7799673175373,-1270.057073814384,-3.277106496846727,2548.5807957478305,2675.3018976435724,-126.72110189574188,2537.5599346350746,2576.114147628768,-38.554212993693454,10,1,0.1,ok,stage_preserving_rng_shuffle,11,435341,True
full,0,lag_0,EEG_next,C0_EEG_next_given_EEG,C1_EEG_next_given_EEG_RNG,True,False,0.0,0.0,0.0,-12038.346329061376,-12215.119654882224,-176.77332582084637,24726.29119707272,25729.43638766438,-1003.1451905916584,24220.692658122756,24718.239309764445,-497.54665164169273,10,0,0.0,ok,subject_mismatch,0,424242,True
full,0,lag_0,RNG_next,C2_RNG_next_given_RNG,C3_RNG_next_given_RNG_EEG,True,False,0.8,0.8,0.0,-5745.154629196466,-5744.321405744594,0.8332234518720725,11508.353662252654,11651.04244622668,-142.6887839740266,11494.309258392932,11524.642811489188,-30.33355309625585,10,0,0.0,ok,subject_mismatch,0,424242,True
no_wake,0,lag_0,EEG_next,C0_EEG_next_given_EEG,C1_EEG_next_given_EEG_RNG,True,True,0.8,0.8,0.0,-3461.7217421413907,-3589.1725713567657,-127.45082921537504,7492.369305616232,8316.196785380433,-823.8274797642007,7067.443484282781,7466.3451427135315,-398.9016584307501,10,0,0.0,ok,subject_mismatch,0,424242,True
no_wake,0,lag_0,RNG_next,C2_RNG_next_given_RNG,C3_RNG_next_given_RNG_EEG,True,True,0.0,0.0,0.0,-1870.4571484011497,-1871.972375438845,-1.51522703769524,3756.716310906284,3886.162877813553,-129.44656690726924,3744.9142968022993,3779.94475087769,-35.03045407539048,10,0,0.0,ok,subject_mismatch,0,424242,True
stable_sleep,0,lag_0,EEG_next,C0_EEG_next_given_EEG,C1_EEG_next_given_EEG_RNG,True,True,0.8,0.8,0.0,-2791.120643891387,-2890.0965154340865,-98.97587154269968,6123.031685927788,6861.773827158203,-738.7421412304147,5726.241287782774,6068.193030868173,-341.95174308539936,10,1,0.1,ok,subject_mismatch,0,424242,False
stable_sleep,0,lag_0,RNG_next,C2_RNG_next_given_RNG,C3_RNG_next_given_RNG_EEG,True,True,0.0,0.0,0.0,-1266.8059248595537,-1271.901626681085,-5.095701821531293,2548.6327108318637,2678.991003376974,-130.35829254511054,2537.611849719108,2579.80325336217,-42.191403643062586,10,7,0.7,ok,subject_mismatch,0,424242,False
full,0,lag_0,EEG_next,C0_EEG_next_given_EEG,C1_EEG_next_given_EEG_RNG,True,False,0.0,0.0,0.0,-12038.346329061376,-12088.20931636116,-49.86298729978444,24726.29119707272,25475.615710622256,-749.3245135495345,24220.692658122756,24464.41863272232,-243.72597459956887,10,0,0.0,ok,subject_mismatch,1,425251,True
full,0,lag_0,RNG_next,C2_RNG_next_given_RNG,C3_RNG_next_given_RNG_EEG,True,False,0.8,0.8,0.0,-5744.4253603430425,-5741.529064709491,2.8962956335517447,11506.895124545808,11645.457764156474,-138.56263961066725,11492.850720686083,11519.05812941898,-26.20740873289651,10,1,0.1,ok,subject_mismatch,1,425251,True
no_wake,0,lag_0,EEG_next,C0_EEG_next_given_EEG,C1_EEG_next_given_EEG_RNG,True,True,0.8,0.8,0.0,-3461.7217421413907,-3558.897501954425,-97.1757598130348,7492.369305616232,8255.646646575751,-763.2773409595193,7067.443484282781,7405.795003908851,-338.3515196260696,10,1,0.1,ok,subject_mismatch,1,425251,True
no_wake,0,lag_0,RNG_next,C2_RNG_next_given_RNG,C3_RNG_next_given_RNG_EEG,True,True,0.8,0.0,-0.8,-1872.336603223776,-1875.6264102837756,-3.289807059999248,3760.475220551537,3893.470947503414,-132.99572695187726,3748.673206447552,3787.252820567551,-38.579614119998496,10,0,0.0,ok,subject_mismatch,1,425251,True
stable_sleep,0,lag_0,EEG_next,C0_EEG_next_given_EEG,C1_EEG_next_given_EEG_RNG,True,True,0.8,0.8,0.0,-2791.120643891387,-2890.07962240523,-98.95897851384323,6123.031685927788,6861.74004110049,-738.7083551727019,5726.241287782774,6068.15924481046,-341.9179570276865,10,0,0.0,ok,subject_mismatch,1,425251,True
stable_sleep,0,lag_0,RNG_next,C2_RNG_next_given_RNG,C3_RNG_next_given_RNG_EEG,True,True,0.0,0.0,0.0,-1266.9701088528384,-1267.5328999504611,-0.5627910976227213,2548.9610788184327,2670.2535499157266,-121.29247109729386,2537.940217705677,2571.0657999009222,-33.12558219524544,10,5,0.5,ok,subject_mismatch,1,425251,True
full,0,lag_0,EEG_next,C0_EEG_next_given_EEG,C1_EEG_next_given_EEG_RNG,True,False,0.0,0.0,0.0,-12038.346329061376,-12144.460292754578,-106.1139636932021,24726.29119707272,25588.11766340909,-861.8264663363698,24220.692658122756,24576.92058550916,-356.2279273864042,10,0,0.0,ok,subject_mismatch,2,426260,True
full,0,lag_0,RNG_next,C2_RNG_next_given_RNG,C3_RNG_next_given_RNG_EEG,True,False,0.8,0.0,-0.8,-5745.873687057056,-5744.791816883023,1.0818701740327017,11509.791777973833,11651.983268503538,-142.19149052970533,11495.747374114111,11525.583633766046,-29.8362596519346,10,2,0.2,ok,subject_mismatch,2,426260,True
no_wake,0,lag_0,EEG_next,C0_EEG_next_given_EEG,C1_EEG_next_given_EEG_RNG,True,True,0.8,0.8,0.0,-3461.7217421413907,-3612.915765003867,-151.19402286247623,7492.369305616232,8363.683172674635,-871.313867058403,7067.443484282781,7513.831530007734,-446.38804572495246,10,2,0.2,ok,subject_mismatch,2,426260,True
no_wake,0,lag_0,RNG_next,C2_RNG_next_given_RNG,C3_RNG_next_given_RNG_EEG,True,True,0.0,0.0,0.0,-1870.5373073914768,-1878.344439573432,-7.807132181955239,3756.876628886938,3898.907006082727,-142.03037719578924,3745.074614782953,3792.688879146864,-47.61426436391048,10,3,0.3,ok,subject_mismatch,2,426260,True
stable_sleep,0,lag_0,EEG_next,C0_EEG_next_given_EEG,C1_EEG_next_given_EEG_RNG,True,True,0.8,0.8,0.0,-2791.120643891387,-2894.413242714183,-103.2925988227962,6123.031685927788,6870.407281718396,-747.3755957906078,5726.241287782774,6076.826485428366,-350.5851976455924,10,0,0.0,ok,subject_mismatch,2,426260,True
stable_sleep,0,lag_0,RNG_next,C2_RNG_next_given_RNG,C3_RNG_next_given_RNG_EEG,True,True,0.0,0.0,0.0,-1265.0767375823598,-1268.7881399238015,-3.711402341441726,2545.1743362774755,2672.764029862408,-127.58969358493188,2534.15347516472,2573.576279847603,-39.42280468288345,10,2,0.2,ok,subject_mismatch,2,426260,True
full,0,lag_0,EEG_next,C0_EEG_next_given_EEG,C1_EEG_next_given_EEG_RNG,True,False,0.0,0.0,0.0,-12038.346329061376,-12097.429986817197,-59.08365775582024,24726.29119707272,25494.057051534328,-767.7658544616061,24220.692658122756,24482.859973634397,-262.1673155116405,10,0,0.0,ok,subject_mismatch,3,427269,True
full,0,lag_0,RNG_next,C2_RNG_next_given_RNG,C3_RNG_next_given_RNG_EEG,True,False,0.8,0.8,0.0,-5744.34881435592,-5747.556174586068,-3.2073602301479696,11506.74203257156,11657.511983909628,-150.76995133806668,11492.69762871184,11531.112349172136,-38.41472046029594,10,2,0.2,ok,subject_mismatch,3,427269,True
no_wake,0,lag_0,EEG_next,C0_EEG_next_given_EEG,C1_EEG_next_given_EEG_RNG,True,True,0.8,0.8,0.0,-3461.7217421413907,-3593.8705046029195,-132.1487624615288,7492.369305616232,8325.59265187274,-833.2233462565073,7067.443484282781,7475.741009205839,-408.2975249230576,10,1,0.1,ok,subject_mismatch,3,427269,True
no_wake,0,lag_0,RNG_next,C2_RNG_next_given_RNG,C3_RNG_next_given_RNG_EEG,True,True,0.0,0.0,0.0,-1870.3387683108012,-1876.692466283587,-6.35369797278554,3756.479550725588,3895.6030595030375,-139.12350877744984,3744.677536621603,3789.384932567174,-44.70739594557108,10,1,0.1,ok,subject_mismatch,3,427269,True
stable_sleep,0,lag_0,EEG_next,C0_EEG_next_given_EEG,C1_EEG_next_given_EEG_RNG,True,True,0.8,0.8,0.0,-2791.120643891387,-2918.8636100035383,-127.7429661121514,6123.031685927788,6919.308016297106,-796.2763303693182,5726.241287782774,6125.7272200070765,-399.4859322243028,10,0,0.0,ok,subject_mismatch,3,427269,False
stable_sleep,0,lag_0,RNG_next,C2_RNG_next_given_RNG,C3_RNG_next_given_RNG_EEG,True,True,0.0,0.8,0.8,-1267.7784343425617,-1271.0873792967625,-3.3089449542010243,2550.577729797879,2677.3625086083293,-126.78477881045046,2539.556868685123,2578.174758593525,-38.61788990840205,10,3,0.3,ok,subject_mismatch,3,427269,False
full,0,lag_0,EEG_next,C0_EEG_next_given_EEG,C1_EEG_next_given_EEG_RNG,True,False,0.0,0.0,0.0,-12038.346329061376,-12174.071984578548,-135.72565551717162,24726.29119707272,25647.34104705703,-921.0498499843088,24220.692658122756,24636.143969157096,-415.4513110343432,10,0,0.0,ok,subject_mismatch,4,428278,True
full,0,lag_0,RNG_next,C2_RNG_next_given_RNG,C3_RNG_next_given_RNG_EEG,True,False,0.8,0.0,-0.8,-5744.247843315772,-5745.318222691402,-1.070379375630182,11506.540090491266,11653.036080120297,-146.4959896290311,11492.495686631544,11526.636445382805,-34.140758751260364,10,1,0.1,ok,subject_mismatch,4,428278,True
no_wake,0,lag_0,EEG_next,C0_EEG_next_given_EEG,C1_EEG_next_given_EEG_RNG,True,True,0.8,0.8,0.0,-3461.7217421413907,-3582.804348587056,-121.08260644566552,7492.369305616232,8303.460339841013,-811.0910342247807,7067.443484282781,7453.608697174112,-386.1652128913311,10,1,0.1,ok,subject_mismatch,4,428278,True
no_wake,0,lag_0,RNG_next,C2_RNG_next_given_RNG,C3_RNG_next_given_RNG_EEG,True,True,0.0,0.0,0.0,-1870.6035425079845,-1874.970699000923,-4.367156492938648,3757.0090991199536,3892.1595249377096,-135.15042581775606,3745.207085015969,3785.941398001846,-40.734312985877295,10,0,0.0,ok,subject_mismatch,4,428278,True
stable_sleep,0,lag_0,EEG_next,C0_EEG_next_given_EEG,C1_EEG_next_given_EEG_RNG,True,True,0.8,0.8,0.0,-2791.120643891387,-2907.936390760357,-116.81574686897012,6123.031685927788,6897.453577810744,-774.4218918829556,5726.241287782774,6103.872781520714,-377.6314937379402,10,1,0.1,ok,subject_mismatch,4,428278,True
stable_sleep,0,lag_0,RNG_next,C2_RNG_next_given_RNG,C3_RNG_next_given_RNG_EEG,True,True,0.0,0.0,0.0,-1267.3278455870552,-1271.684209740252,-4.356364153196864,2549.6765522868664,2678.5561694953085,-128.87961720844214,2538.6556911741104,2579.368419480504,-40.71272830639373,10,4,0.4,ok,subject_mismatch,4,428278,True
full,0,lag_0,EEG_next,C0_EEG_next_given_EEG,C1_EEG_next_given_EEG_RNG,True,False,0.0,0.0,0.0,-12038.346329061376,-12106.571402013293,-68.22507295191645,24726.29119707272,25512.33988192652,-786.0486848537985,24220.692658122756,24501.142804026586,-280.4501459038329,10,0,0.0,ok,subject_mismatch,5,429287,True
full,0,lag_0,RNG_next,C2_RNG_next_given_RNG,C3_RNG_next_given_RNG_EEG,True,False,0.8,0.0,-0.8,-5744.396390910187,-5743.949098839443,0.4472920707439698,11506.837185680097,11650.297832416378,-143.4606467362828,11492.792781820372,11523.898197678884,-31.10541585851206,10,1,0.1,ok,subject_mismatch,5,429287,True
no_wake,0,lag_0,EEG_next,C0_EEG_next_given_EEG,C1_EEG_next_given_EEG_RNG,True,True,0.8,0.8,0.0,-3461.7217421413907,-3595.316265392539,-133.59452325114853,7492.369305616232,8328.48417345198,-836.1148678357476,7067.443484282781,7478.632530785078,-411.18904650229706,10,1,0.1,ok,subject_mismatch,5,429287,True
no_wake,0,lag_0,RNG_next,C2_RNG_next_given_RNG,C3_RNG_next_given_RNG_EEG,True,True,0.0,0.0,0.0,-1869.6826243978544,-1880.0079852806916,-10.325360882837003,3755.1672628996935,3902.2340974972462,-147.06683459755277,3743.365248795709,3796.015970561383,-52.65072176567401,10,1,0.1,ok,subject_mismatch,5,429287,True
stable_sleep,0,lag_0,EEG_next,C0_EEG_next_given_EEG,C1_EEG_next_given_EEG_RNG,True,True,0.8,0.8,0.0,-2791.120643891387,-2866.012697903981,-74.89205401259414,6123.031685927788,6813.606192097992,-690.5745061702037,5726.241287782774,6020.025395807962,-293.7841080251883,10,0,0.0,ok,subject_mismatch,5,429287,True
stable_sleep,0,lag_0,RNG_next,C2_RNG_next_given_RNG,C3_RNG_next_given_RNG_EEG,True,True,0.0,0.0,0.0,-1267.044304753957,-1271.7990915139108,-4.754786759953731,2549.10947062067,2678.7859330426254,-129.67646242195542,2538.088609507914,2579.598183027821,-41.50957351990746,10,4,0.4,ok,subject_mismatch,5,429287,True
full,0,lag_0,EEG_next,C0_EEG_next_given_EEG,C1_EEG_next_given_EEG_RNG,True,False,0.0,0.0,0.0,-12038.346329061376,-12205.62976599734,-167.28343693596253,24726.29119707272,25710.45660989461,-984.1654128218906,24220.692658122756,24699.25953199468,-478.56687387192505,10,0,0.0,ok,subject_mismatch,6,430296,True
full,0,lag_0,RNG_next,C2_RNG_next_given_RNG,C3_RNG_next_given_RNG_EEG,True,False,0.8,0.0,-0.8,-5746.253238346112,-5749.409487619555,-3.156249273442881,11510.550880551946,11661.218609976602,-150.6677294246565,11496.506476692224,11534.81897523911,-38.31249854688576,10,2,0.2,ok,subject_mismatch,6,430296,True
no_wake,0,lag_0,EEG_next,C0_EEG_next_given_EEG,C1_EEG_next_given_EEG_RNG,True,True,0.8,0.8,0.0,-3461.7217421413907,-3607.566774662943,-145.84503252155218,7492.369305616232,8352.985191992786,-860.615886376554,7067.443484282781,7503.133549325886,-435.6900650431044,10,1,0.1,ok,subject_mismatch,6,430296,True
no_wake,0,lag_0,RNG_next,C2_RNG_next_given_RNG,C3_RNG_next_given_RNG_EEG,True,True,0.0,0.0,0.0,-1870.5055309977304,-1876.113763715259,-5.608232717528608,3756.813076099445,3894.445654366381,-137.63257826693598,3745.0110619954608,3788.227527430518,-43.216465435057216,10,0,0.0,ok,subject_mismatch,6,430296,True
stable_sleep,0,lag_0,EEG_next,C0_EEG_next_given_EEG,C1_EEG_next_given_EEG_RNG,True,True,0.8,0.8,0.0,-2791.120643891387,-2953.1809452926545,-162.06030140126768,6123.031685927788,6987.942686875339,-864.9110009475507,5726.241287782774,6194.361890585309,-468.12060280253536,10,0,0.0,ok,subject_mismatch,6,430296,True
stable_sleep,0,lag_0,RNG_next,C2_RNG_next_given_RNG,C3_RNG_next_given_RNG_EEG,True,True,0.0,0.0,0.0,-1266.5701531470593,-1270.9566206371628,-4.386467490103541,2548.1611674068745,2677.100991289129,-128.93982388225504,2537.1403062941185,2577.9132412743256,-40.77293498020708,10,3,0.3,ok,subject_mismatch,6,430296,True
full,0,lag_0,EEG_next,C0_EEG_next_given_EEG,C1_EEG_next_given_EEG_RNG,True,False,0.0,0.0,0.0,-12038.346329061376,-12078.523852613323,-40.17752355194898,24726.29119707272,25456.244783126585,-729.9535860538635,24220.692658122756,24445.04770522665,-224.355047103898,10,0,0.0,ok,subject_mismatch,7,431305,True
full,0,lag_0,RNG_next,C2_RNG_next_given_RNG,C3_RNG_next_given_RNG_EEG,True,False,0.8,0.8,0.0,-5744.374232936455,-5745.747060342363,-1.3728274059076284,11506.792869732632,11653.893755422218,-147.100885689586,11492.74846587291,11527.494120684723,-34.74565481181526,10,1,0.1,ok,subject_mismatch,7,431305,True
no_wake,0,lag_0,EEG_next,C0_EEG_next_given_EEG,C1_EEG_next_given_EEG_RNG,True,True,0.8,0.0,-0.8,-3461.7217421413907,-3576.534997239529,-114.81325509813814,7492.369305616232,8290.921637145959,-798.5523315297269,7067.443484282781,7441.069994479058,-373.6265101962763,10,1,0.1,ok,subject_mismatch,7,431305,True
no_wake,0,lag_0,RNG_next,C2_RNG_next_given_RNG,C3_RNG_next_given_RNG_EEG,True,True,0.0,0.0,0.0,-1870.419207070778,-1872.6060033606936,-2.1867962899159465,3756.640428245541,3887.430133657251,-130.78970541171066,3744.838414141556,3781.212006721388,-36.37359257983189,10,0,0.0,ok,subject_mismatch,7,431305,True
stable_sleep,0,lag_0,EEG_next,C0_EEG_next_given_EEG,C1_EEG_next_given_EEG_RNG,True,True,0.8,0.8,0.0,-2791.120643891387,-2922.234067611633,-131.11342372024592,6123.031685927788,6926.048931513295,-803.0172455855072,5726.241287782774,6132.468135223266,-406.22684744049184,10,0,0.0,ok,subject_mismatch,7,431305,True
stable_sleep,0,lag_0,RNG_next,C2_RNG_next_given_RNG,C3_RNG_next_given_RNG_EEG,True,True,0.0,0.0,0.0,-1267.6460892686137,-1273.6776642480909,-6.031574979477227,2550.3130396499832,2682.5430785109857,-132.2300388610024,2539.2921785372278,2583.3553284961818,-44.063149958954455,10,5,0.5,ok,subject_mismatch,7,431305,True
full,0,lag_0,EEG_next,C0_EEG_next_given_EEG,C1_EEG_next_given_EEG_RNG,True,False,0.0,0.0,0.0,-12038.346329061376,-12163.613528397424,-125.26719933604907,24726.29119707272,25626.424134694786,-900.1329376220638,24220.692658122756,24615.22705679485,-394.5343986720982,10,0,0.0,ok,subject_mismatch,8,432314,True
full,0,lag_0,RNG_next,C2_RNG_next_given_RNG,C3_RNG_next_given_RNG_EEG,True,False,0.8,0.0,-0.8,-5744.311565731463,-5748.179720779142,-3.8681550476794655,11506.667535322647,11658.759076295775,-152.09154097312967,11492.623131462926,11532.359441558285,-39.73631009535893,10,2,0.2,ok,subject_mismatch,8,432314,True
no_wake,0,lag_0,EEG_next,C0_EEG_next_given_EEG,C1_EEG_next_given_EEG_RNG,True,True,0.8,0.8,0.0,-3461.7217421413907,-3572.425311642023,-110.70356950063253,7492.369305616232,8282.702265950948,-790.3329603347156,7067.443484282781,7432.850623284046,-365.407139001265,10,1,0.1,ok,subject_mismatch,8,432314,True
no_wake,0,lag_0,RNG_next,C2_RNG_next_given_RNG,C3_RNG_next_given_RNG_EEG,True,True,0.0,0.0,0.0,-1870.840265870366,-1875.8927317971177,-5.052465926751665,3757.4825458447167,3894.003590530099,-136.5210446853821,3745.680531740732,3787.7854635942354,-42.10493185350333,10,2,0.2,ok,subject_mismatch,8,432314,True
stable_sleep,0,lag_0,EEG_next,C0_EEG_next_given_EEG,C1_EEG_next_given_EEG_RNG,True,True,0.8,0.8,0.0,-2791.120643891387,-2929.7153755034665,-138.5947316120796,6123.031685927788,6941.011547296963,-817.9798613691746,5726.241287782774,6147.430751006933,-421.1894632241592,10,1,0.1,ok,subject_mismatch,8,432314,False
stable_sleep,0,lag_0,RNG_next,C2_RNG_next_given_RNG,C3_RNG_next_given_RNG_EEG,True,True,0.0,0.0,0.0,-1266.3043664612944,-1268.320318597834,-2.015952136539454,2547.629594035345,2671.828387210472,-124.19879317512732,2536.608732922589,2572.640637195668,-36.03190427307891,10,6,0.6,ok,subject_mismatch,8,432314,False
full,0,lag_0,EEG_next,C0_EEG_next_given_EEG,C1_EEG_next_given_EEG_RNG,True,False,0.0,0.0,0.0,-12038.346329061376,-12190.504611766384,-152.15828270500788,24726.29119707272,25680.206301432703,-953.9151043599812,24220.692658122756,24669.00922353277,-448.31656541001576,10,0,0.0,ok,subject_mismatch,9,433323,True
full,0,lag_0,RNG_next,C2_RNG_next_given_RNG,C3_RNG_next_given_RNG_EEG,True,False,0.0,0.0,0.0,-5746.151433349922,-5745.642657087845,0.5087762620769354,11510.347270559563,11653.684948913182,-143.33767835361687,11496.302866699843,11527.28531417569,-30.98244747584613,10,1,0.1,ok,subject_mismatch,9,433323,True
no_wake,0,lag_0,EEG_next,C0_EEG_next_given_EEG,C1_EEG_next_given_EEG_RNG,True,True,0.8,0.8,0.0,-3461.7217421413907,-3552.632917154579,-90.91117501318833,7492.369305616232,8243.117476976058,-750.7481713598263,7067.443484282781,7393.265834309158,-325.8223500263766,10,0,0.0,ok,subject_mismatch,9,433323,True
no_wake,0,lag_0,RNG_next,C2_RNG_next_given_RNG,C3_RNG_next_given_RNG_EEG,True,True,0.0,0.0,0.0,-1869.3478637544888,-1876.2807288520612,-6.932865097572631,3754.497741612962,3894.7795846399854,-140.28184302702402,3742.6957275089776,3788.561457704123,-45.86573019514526,10,1,0.1,ok,subject_mismatch,9,433323,True
stable_sleep,0,lag_0,EEG_next,C0_EEG_next_given_EEG,C1_EEG_next_given_EEG_RNG,True,True,0.8,0.8,0.0,-2791.120643891387,-2893.6343081562404,-102.51366426485356,6123.031685927788,6868.849412602511,-745.8177266747225,5726.241287782774,6075.268616312481,-349.0273285297071,10,1,0.1,ok,subject_mismatch,9,433323,True
stable_sleep,0,lag_0,RNG_next,C2_RNG_next_given_RNG,C3_RNG_next_given_RNG_EEG,True,True,0.0,0.0,0.0,-1266.7830630264732,-1271.351413564543,-4.568350538069808,2548.5869871657023,2677.8905771438904,-129.30358997818803,2537.5661260529464,2578.702827129086,-41.136701076139616,10,4,0.4,ok,subject_mismatch,9,433323,True
full,0,lag_0,EEG_next,C0_EEG_next_given_EEG,C1_EEG_next_given_EEG_RNG,True,False,0.0,0.0,0.0,-12038.346329061376,-12229.20492981084,-190.8586007494632,24726.29119707272,25757.60693752161,-1031.315740448892,24220.692658122756,24746.40985962168,-525.7172014989264,10,0,0.0,ok,subject_mismatch,10,434332,True
full,0,lag_0,RNG_next,C2_RNG_next_given_RNG,C3_RNG_next_given_RNG_EEG,True,False,0.8,0.0,-0.8,-5744.657430418512,-5744.770309251703,-0.1128788331907344,11507.359264696746,11651.9402532409,-144.5809885441522,11493.314860837025,11525.540618503406,-32.22575766638147,10,2,0.2,ok,subject_mismatch,10,434332,True
no_wake,0,lag_0,EEG_next,C0_EEG_next_given_EEG,C1_EEG_next_given_EEG_RNG,True,True,0.8,0.8,0.0,-3461.7217421413907,-3548.865334269959,-87.14359212856834,7492.369305616232,8235.58231120682,-743.2130055905873,7067.443484282781,7385.730668539918,-318.2871842571367,10,3,0.3,ok,subject_mismatch,10,434332,True
no_wake,0,lag_0,RNG_next,C2_RNG_next_given_RNG,C3_RNG_next_given_RNG_EEG,True,True,0.0,0.0,0.0,-1870.4780096335403,-1878.032190105344,-7.554180471803875,3756.758033371065,3898.282507146552,-141.5244737754865,3744.9560192670806,3792.064380210688,-47.10836094360775,10,0,0.0,ok,subject_mismatch,10,434332,True
stable_sleep,0,lag_0,EEG_next,C0_EEG_next_given_EEG,C1_EEG_next_given_EEG_RNG,True,True,0.8,0.8,0.0,-2791.120643891387,-2933.6053413889927,-142.4846974976058,6123.031685927788,6948.791479068015,-825.759793140227,5726.241287782774,6155.210682777985,-428.9693949952116,10,0,0.0,ok,subject_mismatch,10,434332,True
stable_sleep,0,lag_0,RNG_next,C2_RNG_next_given_RNG,C3_RNG_next_given_RNG_EEG,True,True,0.0,0.0,0.0,-1266.8897508706157,-1273.7268255102706,-6.837074639654929,2548.8003628539877,2682.6414010353456,-133.84103818135827,2537.779501741232,2583.453651020541,-45.67414927930986,10,3,0.3,ok,subject_mismatch,10,434332,True
full,0,lag_0,EEG_next,C0_EEG_next_given_EEG,C1_EEG_next_given_EEG_RNG,True,False,0.0,0.0,0.0,-12038.346329061376,-12244.676313094946,-206.32998403356945,24726.29119707272,25788.549704089823,-1062.2585070171044,24220.692658122756,24777.35262618989,-556.6599680671388,10,0,0.0,ok,subject_mismatch,11,435341,True
full,0,lag_0,RNG_next,C2_RNG_next_given_RNG,C3_RNG_next_given_RNG_EEG,True,False,0.8,0.8,0.0,-5745.352668062125,-5739.463651640109,5.889016422016539,11508.749739983972,11641.32693801771,-132.57719803373766,11494.70533612425,11514.927303280218,-20.22196715596692,10,2,0.2,ok,subject_mismatch,11,435341,True
no_wake,0,lag_0,EEG_next,C0_EEG_next_given_EEG,C1_EEG_next_given_EEG_RNG,True,True,0.8,0.8,0.0,-3461.7217421413907,-3613.89332145737,-152.17157931597922,7492.369305616232,8365.638285581641,-873.268979965409,7067.443484282781,7515.78664291474,-448.3431586319584,10,3,0.3,ok,subject_mismatch,11,435341,True
no_wake,0,lag_0,RNG_next,C2_RNG_next_given_RNG,C3_RNG_next_given_RNG_EEG,True,True,0.8,0.0,-0.8,-1871.2174459465773,-1880.8021688072272,-9.58472286064989,3758.2369059971393,3903.822464550318,-145.58555855317854,3746.4348918931546,3797.6043376144544,-51.16944572129978,10,2,0.2,ok,subject_mismatch,11,435341,True
stable_sleep,0,lag_0,EEG_next,C0_EEG_next_given_EEG,C1_EEG_next_given_EEG_RNG,True,True,0.8,0.8,0.0,-2791.120643891387,-2940.8829965868345,-149.7623526954476,6123.031685927788,6963.346789463699,-840.3151035359106,5726.241287782774,6169.765993173669,-443.5247053908952,10,1,0.1,ok,subject_mismatch,11,435341,False
stable_sleep,0,lag_0,RNG_next,C2_RNG_next_given_RNG,C3_RNG_next_given_RNG_EEG,True,True,0.0,0.8,0.8,-1267.5108841975125,-1273.1872669534105,-5.676382755898203,2550.0426295077805,2681.562283921625,-131.51965441384436,2539.0217683950245,2582.374533906821,-43.352765511796406,10,3,0.3,ok,subject_mismatch,11,435341,False
full,0,lag_0,EEG_next,C0_EEG_next_given_EEG,C1_EEG_next_given_EEG_RNG,True,False,0.0,0.0,0.0,-15628.233262524986,-15673.635073137058,-45.40181061207295,31906.06506399994,32646.46722417405,-740.4021601741115,31400.46652504997,31635.27014627412,-234.8036212241459,10,0,0.0,ok,within_subject_eeg_shuffle,0,424242,True
full,0,lag_0,RNG_next,C2_RNG_next_given_RNG,C3_RNG_next_given_RNG_EEG,True,False,0.8,0.8,0.0,-5744.958485936534,-5748.795593321106,-3.837107384571937,11507.96137573279,11659.990821379704,-152.0294456469146,11493.916971873068,11533.591186642212,-39.67421476914387,10,0,0.0,ok,within_subject_eeg_shuffle,0,424242,True
no_wake,0,lag_0,EEG_next,C0_EEG_next_given_EEG,C1_EEG_next_given_EEG_RNG,True,True,0.8,0.8,0.0,-3939.0742023010334,-4012.102436299813,-73.02823399877889,8447.07422593552,9162.056515266528,-714.9822893310084,8022.148404602069,8312.204872599626,-290.0564679975578,10,0,0.0,ok,within_subject_eeg_shuffle,0,424242,True
no_wake,0,lag_0,RNG_next,C2_RNG_next_given_RNG,C3_RNG_next_given_RNG_EEG,True,True,0.0,0.0,0.0,-1870.0504208475213,-1874.7513058262148,-4.700884978693466,3755.9028557990273,3891.720738588293,-135.8178827892657,3744.1008416950426,3785.5026116524296,-41.40176995738693,10,2,0.2,ok,within_subject_eeg_shuffle,0,424242,True
stable_sleep,0,lag_0,EEG_next,C0_EEG_next_given_EEG,C1_EEG_next_given_EEG_RNG,True,True,0.8,0.8,0.0,-3113.537445141985,-3341.647742288961,-228.11029714697588,6767.865288428985,7764.876280867952,-997.0109924389672,6371.0748902839705,6971.295484577922,-600.2205942939518,10,1,0.1,ok,within_subject_eeg_shuffle,0,424242,True
stable_sleep,0,lag_0,RNG_next,C2_RNG_next_given_RNG,C3_RNG_next_given_RNG_EEG,True,True,0.0,0.0,0.0,-1267.0309236091891,-1272.5066036073274,-5.475679998138276,2549.082708331134,2680.200957229459,-131.11824889832496,2538.0618472183783,2581.013207214655,-42.95135999627655,10,2,0.2,ok,within_subject_eeg_shuffle,0,424242,True
full,0,lag_0,EEG_next,C0_EEG_next_given_EEG,C1_EEG_next_given_EEG_RNG,True,False,0.0,0.0,0.0,-15627.302881990672,-15652.065990585412,-24.76310859473961,31904.204302931317,32603.32905907076,-699.1247561394448,31398.605763981344,31592.131981170824,-193.5262171894792,10,0,0.0,ok,within_subject_eeg_shuffle,1,425251,True
full,0,lag_0,RNG_next,C2_RNG_next_given_RNG,C3_RNG_next_given_RNG_EEG,True,False,0.8,0.8,0.0,-5744.958485936534,-5758.499369502909,-13.54088356637476,11507.96137573279,11679.39837374331,-171.43699801052026,11493.916971873068,11552.998739005818,-59.08176713274952,10,2,0.2,ok,within_subject_eeg_shuffle,1,425251,True
no_wake,0,lag_0,EEG_next,C0_EEG_next_given_EEG,C1_EEG_next_given_EEG_RNG,True,True,0.8,0.8,0.0,-4036.0083999467056,-4181.4129573723085,-145.4045574256029,8640.94262122686,9500.677557411518,-859.7349361846573,8216.016799893412,8650.825914744617,-434.80911485120487,10,0,0.0,ok,within_subject_eeg_shuffle,1,425251,True
no_wake,0,lag_0,RNG_next,C2_RNG_next_given_RNG,C3_RNG_next_given_RNG_EEG,True,True,0.0,0.0,0.0,-1870.0504208475213,-1872.2438775005648,-2.1934566530435404,3755.9028557990273,3886.705881936993,-130.80302613796584,3744.1008416950426,3780.4877550011297,-36.38691330608708,10,2,0.2,ok,within_subject_eeg_shuffle,1,425251,True
stable_sleep,0,lag_0,EEG_next,C0_EEG_next_given_EEG,C1_EEG_next_given_EEG_RNG,True,True,0.8,0.8,0.0,-3078.157787612629,-3332.79406489966,-254.63627728703068,6697.105973370272,7747.168926089349,-1050.0629527190767,6300.315575225258,6953.588129799319,-653.2725545740614,10,0,0.0,ok,within_subject_eeg_shuffle,1,425251,True
stable_sleep,0,lag_0,RNG_next,C2_RNG_next_given_RNG,C3_RNG_next_given_RNG_EEG,True,True,0.0,0.0,0.0,-1267.0309236091891,-1271.5342951093392,-4.503371500150024,2549.082708331134,2678.2563402334827,-129.17363190234846,2538.0618472183783,2579.0685902186783,-41.00674300030005,10,2,0.2,ok,within_subject_eeg_shuffle,1,425251,True
full,0,lag_0,EEG_next,C0_EEG_next_given_EEG,C1_EEG_next_given_EEG_RNG,True,False,0.0,0.0,0.0,-15609.964268660711,-15630.061488749643,-20.09722008893368,31869.52707627139,32559.320055399225,-689.792979127833,31363.928537321422,31548.12297749929,-184.19444017786736,10,0,0.0,ok,within_subject_eeg_shuffle,2,426260,True
full,0,lag_0,RNG_next,C2_RNG_next_given_RNG,C3_RNG_next_given_RNG_EEG,True,False,0.8,0.0,-0.8,-5744.958485936534,-5746.716287554326,-1.757801617792211,11507.96137573279,11655.832209846145,-147.87083411335516,11493.916971873068,11529.432575108653,-35.51560323558442,10,0,0.0,ok,within_subject_eeg_shuffle,2,426260,True
no_wake,0,lag_0,EEG_next,C0_EEG_next_given_EEG,C1_EEG_next_given_EEG_RNG,True,True,0.8,0.8,0.0,-3930.911348167349,-3940.242076624638,-9.330728457288842,8430.748517668148,9018.335795916177,-587.5872782480292,8005.822696334698,8168.484153249276,-162.66145691457768,10,0,0.0,ok,within_subject_eeg_shuffle,2,426260,True
no_wake,0,lag_0,RNG_next,C2_RNG_next_given_RNG,C3_RNG_next_given_RNG_EEG,True,True,0.0,0.0,0.0,-1870.0504208475213,-1881.6142115576629,-11.563790710141348,3755.9028557990273,3905.4465500511888,-149.54369425216146,3744.1008416950426,3799.228423115325,-55.127581420282695,10,4,0.4,ok,within_subject_eeg_shuffle,2,426260,True
stable_sleep,0,lag_0,EEG_next,C0_EEG_next_given_EEG,C1_EEG_next_given_EEG_RNG,True,True,0.8,0.8,0.0,-3202.3189033305725,-3276.8427910656224,-74.52388773504981,6945.42820480616,7635.266378421275,-689.838173615115,6548.637806661145,6841.685582131245,-293.0477754700996,10,0,0.0,ok,within_subject_eeg_shuffle,2,426260,True
stable_sleep,0,lag_0,RNG_next,C2_RNG_next_given_RNG,C3_RNG_next_given_RNG_EEG,True,True,0.0,0.0,0.0,-1267.0309236091891,-1269.2822692919117,-2.251345682722331,2549.082708331134,2673.7522885986277,-124.66958026749307,2538.0618472183783,2574.564538583823,-36.50269136544466,10,4,0.4,ok,within_subject_eeg_shuffle,2,426260,True
full,0,lag_0,EEG_next,C0_EEG_next_given_EEG,C1_EEG_next_given_EEG_RNG,True,False,0.0,0.0,0.0,-15677.640770580254,-15695.05146395264,-17.41069337238514,32004.88008011048,32689.300005805213,-684.4199256947359,31499.281541160508,31678.10292790528,-178.82138674477028,10,0,0.0,ok,within_subject_eeg_shuffle,3,427269,True
full,0,lag_0,RNG_next,C2_RNG_next_given_RNG,C3_RNG_next_given_RNG_EEG,True,False,0.8,0.0,-0.8,-5744.958485936534,-5743.235683248843,1.7228026876910008,11507.96137573279,11648.871001235178,-140.90962550238874,11493.916971873068,11522.471366497686,-28.554394624618,10,0,0.0,ok,within_subject_eeg_shuffle,3,427269,True
no_wake,0,lag_0,EEG_next,C0_EEG_next_given_EEG,C1_EEG_next_given_EEG_RNG,True,True,0.8,0.8,0.0,-3913.802079099621,-3926.1973610041096,-12.395281904488456,8396.529979532692,8990.24636467512,-593.7163851424284,7971.604158199242,8140.394722008219,-168.7905638089769,10,0,0.0,ok,within_subject_eeg_shuffle,3,427269,False
no_wake,0,lag_0,RNG_next,C2_RNG_next_given_RNG,C3_RNG_next_given_RNG_EEG,True,True,0.0,0.8,0.8,-1870.0504208475213,-1878.812194843371,-8.761773995849353,3755.9028557990273,3899.8425166226048,-143.93966082357747,3744.1008416950426,3793.624389686741,-49.52354799169871,10,4,0.4,ok,within_subject_eeg_shuffle,3,427269,False
stable_sleep,0,lag_0,EEG_next,C0_EEG_next_given_EEG,C1_EEG_next_given_EEG_RNG,True,True,0.8,0.8,0.0,-3030.031840664225,-3138.310802753245,-108.2789620890194,6600.854079473465,7358.20240179652,-757.3483223230542,6204.063681328451,6564.62160550649,-360.5579241780388,10,0,0.0,ok,within_subject_eeg_shuffle,3,427269,True
stable_sleep,0,lag_0,RNG_next,C2_RNG_next_given_RNG,C3_RNG_next_given_RNG_EEG,True,True,0.0,0.0,0.0,-1267.0309236091891,-1283.374364409484,-16.34344080029473,2549.082708331134,2701.936478833772,-152.85377050263742,2538.0618472183783,2602.748728818968,-64.68688160058946,10,1,0.1,ok,within_subject_eeg_shuffle,3,427269,True
full,0,lag_0,EEG_next,C0_EEG_next_given_EEG,C1_EEG_next_given_EEG_RNG,True,False,0.0,0.0,0.0,-15595.094600208036,-15624.53590961921,-29.441309411175094,31839.78773936604,32548.268897138358,-708.4811577723158,31334.18920041607,31537.07181923842,-202.8826188223502,10,0,0.0,ok,within_subject_eeg_shuffle,4,428278,True
full,0,lag_0,RNG_next,C2_RNG_next_given_RNG,C3_RNG_next_given_RNG_EEG,True,False,0.8,0.0,-0.8,-5744.958485936534,-5747.535146131206,-2.576660194671604,11507.96137573279,11657.469926999904,-149.50855126711394,11493.916971873068,11531.070292262411,-37.15332038934321,10,2,0.2,ok,within_subject_eeg_shuffle,4,428278,True
no_wake,0,lag_0,EEG_next,C0_EEG_next_given_EEG,C1_EEG_next_given_EEG_RNG,True,True,0.8,0.8,0.0,-4054.441747918338,-4138.840013233489,-84.3982653151511,8677.809317170126,9415.53166913388,-737.7223519637537,8252.883495836675,8565.680026466978,-312.7965306303031,10,0,0.0,ok,within_subject_eeg_shuffle,4,428278,True
no_wake,0,lag_0,RNG_next,C2_RNG_next_given_RNG,C3_RNG_next_given_RNG_EEG,True,True,0.0,0.0,0.0,-1870.0504208475213,-1876.5994626496156,-6.549041802094052,3755.9028557990273,3895.417052235094,-139.51419643606687,3744.1008416950426,3789.198925299231,-45.098083604188105,10,2,0.2,ok,within_subject_eeg_shuffle,4,428278,True
stable_sleep,0,lag_0,EEG_next,C0_EEG_next_given_EEG,C1_EEG_next_given_EEG_RNG,True,True,0.8,0.8,0.0,-3095.0520359807056,-3182.559412381005,-87.50737640029956,6730.894470106426,7446.69962105204,-715.8051509456145,6334.104071961411,6653.11882476201,-319.0147528005991,10,0,0.0,ok,within_subject_eeg_shuffle,4,428278,True
stable_sleep,0,lag_0,RNG_next,C2_RNG_next_given_RNG,C3_RNG_next_given_RNG_EEG,True,True,0.0,0.0,0.0,-1267.0309236091891,-1277.1422327623402,-10.111309153151067,2549.082708331134,2689.4722155394848,-140.38950720835055,2538.0618472183783,2590.2844655246804,-52.22261830630214,10,0,0.0,ok,within_subject_eeg_shuffle,4,428278,True
full,0,lag_0,EEG_next,C0_EEG_next_given_EEG,C1_EEG_next_given_EEG_RNG,True,False,0.0,0.0,0.0,-15555.80943364913,-15577.831654243975,-22.02222059484484,31761.21740624823,32454.860386387885,-693.6429801396553,31255.61886729826,31443.66330848795,-188.04444118968968,10,0,0.0,ok,within_subject_eeg_shuffle,5,429287,True
full,0,lag_0,RNG_next,C2_RNG_next_given_RNG,C3_RNG_next_given_RNG_EEG,True,False,0.8,0.0,-0.8,-5744.958485936534,-5746.756648418423,-1.798162481888539,11507.96137573279,11655.912931574338,-147.95155584154782,11493.916971873068,11529.513296836843,-35.59632496377708,10,0,0.0,ok,within_subject_eeg_shuffle,5,429287,True
no_wake,0,lag_0,EEG_next,C0_EEG_next_given_EEG,C1_EEG_next_given_EEG_RNG,True,True,0.8,0.8,0.0,-4002.610691395633,-4073.5604276890726,-70.94973629343986,8574.147204124716,9284.972498045046,-710.8252939203303,8149.221382791266,8435.120855378145,-285.8994725868797,10,0,0.0,ok,within_subject_eeg_shuffle,5,429287,True
no_wake,0,lag_0,RNG_next,C2_RNG_next_given_RNG,C3_RNG_next_given_RNG_EEG,True,True,0.0,0.0,0.0,-1870.0504208475213,-1875.6314879694492,-5.581067121928072,3755.9028557990273,3893.481102874762,-137.5782470757349,3744.1008416950426,3787.2629759388983,-43.162134243856144,10,3,0.3,ok,within_subject_eeg_shuffle,5,429287,True
stable_sleep,0,lag_0,EEG_next,C0_EEG_next_given_EEG,C1_EEG_next_given_EEG_RNG,True,True,0.8,0.8,0.0,-3115.2221720096586,-3341.668157526752,-226.4459855170935,6771.234742164332,7764.917111343534,-993.6823691792024,6374.444344019317,6971.336315053504,-596.891971034187,10,0,0.0,ok,within_subject_eeg_shuffle,5,429287,True
stable_sleep,0,lag_0,RNG_next,C2_RNG_next_given_RNG,C3_RNG_next_given_RNG_EEG,True,True,0.0,0.0,0.0,-1267.0309236091891,-1271.0840193197253,-4.053095710536127,2549.082708331134,2677.355788654255,-128.27308032312067,2538.0618472183783,2578.1680386394505,-40.10619142107225,10,5,0.5,ok,within_subject_eeg_shuffle,5,429287,True
full,0,lag_0,EEG_next,C0_EEG_next_given_EEG,C1_EEG_next_given_EEG_RNG,True,False,0.0,0.0,0.0,-15633.049920992336,-15654.170803705672,-21.120882713337775,31915.69838093464,32607.53868531128,-691.8403043766411,31410.09984198467,31596.341607411345,-186.2417654266756,10,0,0.0,ok,within_subject_eeg_shuffle,6,430296,True
full,0,lag_0,RNG_next,C2_RNG_next_given_RNG,C3_RNG_next_given_RNG_EEG,True,False,0.8,0.0,-0.8,-5744.958485936534,-5748.7252220341015,-3.7667360975674455,11507.96137573279,11659.850078805695,-151.88870307290563,11493.916971873068,11533.450444068205,-39.53347219513489,10,1,0.1,ok,within_subject_eeg_shuffle,6,430296,True
no_wake,0,lag_0,EEG_next,C0_EEG_next_given_EEG,C1_EEG_next_given_EEG_RNG,True,True,0.8,0.8,0.0,-4013.224193318868,-4071.5585645828064,-58.33437126393892,8595.374207971185,9280.968771832511,-685.5945638613284,8170.448386637735,8431.117129165614,-260.66874252787875,10,0,0.0,ok,within_subject_eeg_shuffle,6,430296,True
no_wake,0,lag_0,RNG_next,C2_RNG_next_given_RNG,C3_RNG_next_given_RNG_EEG,True,True,0.0,0.0,0.0,-1870.0504208475213,-1874.0783355561327,-4.027914708611888,3755.9028557990273,3890.37479804813,-134.47194224910254,3744.1008416950426,3784.1566711122655,-40.05582941722378,10,2,0.2,ok,within_subject_eeg_shuffle,6,430296,True
stable_sleep,0,lag_0,EEG_next,C0_EEG_next_given_EEG,C1_EEG_next_given_EEG_RNG,True,True,0.8,0.8,0.0,-3119.544942712265,-3249.3457931531107,-129.8008504408458,6779.880283569544,7580.272382596251,-800.392099026707,6383.08988542453,6786.691586306221,-403.6017008816916,10,0,0.0,ok,within_subject_eeg_shuffle,6,430296,True
stable_sleep,0,lag_0,RNG_next,C2_RNG_next_given_RNG,C3_RNG_next_given_RNG_EEG,True,True,0.0,0.0,0.0,-1267.0309236091891,-1278.1760786156533,-11.145155006464163,2549.082708331134,2691.5399072461105,-142.4571989149763,2538.0618472183783,2592.3521572313066,-54.29031001292833,10,2,0.2,ok,within_subject_eeg_shuffle,6,430296,True
full,0,lag_0,EEG_next,C0_EEG_next_given_EEG,C1_EEG_next_given_EEG_RNG,True,False,0.0,0.0,0.0,-15607.871841513052,-15620.590851608784,-12.7190100957323,31865.342221976072,32540.378781117503,-675.0365591414302,31359.743683026103,31529.181703217568,-169.4380201914646,10,0,0.0,ok,within_subject_eeg_shuffle,7,431305,True
full,0,lag_0,RNG_next,C2_RNG_next_given_RNG,C3_RNG_next_given_RNG_EEG,True,False,0.8,0.0,-0.8,-5744.958485936534,-5751.413481575261,-6.454995638727269,11507.96137573279,11665.226597888017,-157.26522215522527,11493.916971873068,11538.826963150525,-44.90999127745454,10,1,0.1,ok,within_subject_eeg_shuffle,7,431305,True
no_wake,0,lag_0,EEG_next,C0_EEG_next_given_EEG,C1_EEG_next_given_EEG_RNG,True,True,0.8,0.8,0.0,-3949.842007411981,-3975.254903534929,-25.41289612294895,8468.609836157411,9088.36144973676,-619.7516135793485,8043.684014823961,8238.509807069859,-194.8257922458979,10,0,0.0,ok,within_subject_eeg_shuffle,7,431305,True
no_wake,0,lag_0,RNG_next,C2_RNG_next_given_RNG,C3_RNG_next_given_RNG_EEG,True,True,0.0,0.0,0.0,-1870.0504208475213,-1875.0565134050464,-5.006092557525108,3755.9028557990273,3892.331153745956,-136.42829794692898,3744.1008416950426,3786.113026810093,-42.012185115050215,10,4,0.4,ok,within_subject_eeg_shuffle,7,431305,True
stable_sleep,0,lag_0,EEG_next,C0_EEG_next_given_EEG,C1_EEG_next_given_EEG_RNG,True,True,0.8,0.8,0.0,-3056.320889961061,-3133.216553706148,-76.8956637450865,6653.432178067136,7348.013903702325,-694.5817256351884,6256.641779922122,6554.433107412295,-297.791327490173,10,0,0.0,ok,within_subject_eeg_shuffle,7,431305,False
stable_sleep,0,lag_0,RNG_next,C2_RNG_next_given_RNG,C3_RNG_next_given_RNG_EEG,True,True,0.0,0.8,0.8,-1267.0309236091891,-1271.3597498366191,-4.32882622743,2549.082708331134,2677.9072496880426,-128.8245413569084,2538.0618472183783,2578.7194996732383,-40.65765245486,10,2,0.2,ok,within_subject_eeg_shuffle,7,431305,False
full,0,lag_0,EEG_next,C0_EEG_next_given_EEG,C1_EEG_next_given_EEG_RNG,True,False,0.0,0.0,0.0,-15652.66872689388,-15664.098296878576,-11.429569984697082,31954.935992737726,32627.39367165709,-672.4576789193598,31449.33745378776,31616.19659375715,-166.85913996939416,10,0,0.0,ok,within_subject_eeg_shuffle,8,432314,True
full,0,lag_0,RNG_next,C2_RNG_next_given_RNG,C3_RNG_next_given_RNG_EEG,True,False,0.8,0.8,0.0,-5744.958485936534,-5749.402133101555,-4.443647165020593,11507.96137573279,11661.203900940602,-153.24252520781192,11493.916971873068,11534.80426620311,-40.88729433004119,10,2,0.2,ok,within_subject_eeg_shuffle,8,432314,True
no_wake,0,lag_0,EEG_next,C0_EEG_next_given_EEG,C1_EEG_next_given_EEG_RNG,True,True,0.8,0.8,0.0,-4006.16195553577,-4078.179795534288,-72.0178399985175,8581.249732404991,9294.211233735476,-712.9615013304865,8156.323911071541,8444.359591068576,-288.035679997035,10,1,0.1,ok,within_subject_eeg_shuffle,8,432314,True
no_wake,0,lag_0,RNG_next,C2_RNG_next_given_RNG,C3_RNG_next_given_RNG_EEG,True,True,0.0,0.0,0.0,-1870.0504208475213,-1872.380906675139,-2.330485827617622,3755.9028557990273,3886.979940286141,-131.077084487114,3744.1008416950426,3780.761813350278,-36.66097165523525,10,2,0.2,ok,within_subject_eeg_shuffle,8,432314,True
stable_sleep,0,lag_0,EEG_next,C0_EEG_next_given_EEG,C1_EEG_next_given_EEG_RNG,True,True,0.8,0.8,0.0,-3054.7998234961296,-3090.86744730948,-36.06762381335011,6650.390045137274,7263.315690908989,-612.9256457717156,6253.599646992259,6469.73489461896,-216.13524762670025,10,0,0.0,ok,within_subject_eeg_shuffle,8,432314,True
stable_sleep,0,lag_0,RNG_next,C2_RNG_next_given_RNG,C3_RNG_next_given_RNG_EEG,True,True,0.0,0.0,0.0,-1267.0309236091891,-1273.1594309678917,-6.128507358702336,2549.082708331134,2681.5066119505877,-132.42390361945309,2538.0618472183783,2582.318861935783,-44.25701471740467,10,3,0.3,ok,within_subject_eeg_shuffle,8,432314,True
full,0,lag_0,EEG_next,C0_EEG_next_given_EEG,C1_EEG_next_given_EEG_RNG,True,False,0.0,0.0,0.0,-15581.134884725156,-15586.51576481563,-5.380880090473511,31811.86830840028,32472.228607531197,-660.3602991309126,31306.26976945031,31461.03152963126,-154.76176018094702,10,0,0.0,ok,within_subject_eeg_shuffle,9,433323,True
full,0,lag_0,RNG_next,C2_RNG_next_given_RNG,C3_RNG_next_given_RNG_EEG,True,False,0.8,0.0,-0.8,-5744.958485936534,-5751.991970972484,-7.033485035949525,11507.96137573279,11666.38357668246,-158.4222009496698,11493.916971873068,11539.983941944967,-46.06697007189905,10,2,0.2,ok,within_subject_eeg_shuffle,9,433323,True
no_wake,0,lag_0,EEG_next,C0_EEG_next_given_EEG,C1_EEG_next_given_EEG_RNG,True,True,0.8,0.8,0.0,-3972.489264487252,-4083.7760026865594,-111.28673819930646,8513.904350307954,9305.403648040015,-791.4992977320635,8088.978528974504,8455.552005373116,-366.573476398612,10,2,0.2,ok,within_subject_eeg_shuffle,9,433323,True
no_wake,0,lag_0,RNG_next,C2_RNG_next_given_RNG,C3_RNG_next_given_RNG_EEG,True,True,0.0,0.0,0.0,-1870.0504208475213,-1875.6480658656667,-5.597645018145386,3755.9028557990273,3893.514258667197,-137.6114028681695,3744.1008416950426,3787.296131731333,-43.19529003629077,10,1,0.1,ok,within_subject_eeg_shuffle,9,433323,True
stable_sleep,0,lag_0,EEG_next,C0_EEG_next_given_EEG,C1_EEG_next_given_EEG_RNG,True,True,0.8,0.8,0.0,-3034.878551157978,-3162.7421090958883,-127.86355793791016,6610.547500460971,7407.065014481806,-796.5175140208357,6213.757102315956,6613.484218191777,-399.7271158758204,10,0,0.0,ok,within_subject_eeg_shuffle,9,433323,True
stable_sleep,0,lag_0,RNG_next,C2_RNG_next_given_RNG,C3_RNG_next_given_RNG_EEG,True,True,0.0,0.0,0.0,-1267.0309236091891,-1269.7065033763408,-2.675579767151703,2549.082708331134,2674.600756767486,-125.51804843635182,2538.0618472183783,2575.4130067526817,-37.351159534303406,10,0,0.0,ok,within_subject_eeg_shuffle,9,433323,True
full,0,lag_0,EEG_next,C0_EEG_next_given_EEG,C1_EEG_next_given_EEG_RNG,True,False,0.0,0.0,0.0,-15620.320788766796,-15639.534616250923,-19.21382748412725,31890.24011648356,32578.26631040178,-688.0261939182201,31384.64157753359,31567.069232501846,-182.4276549682545,10,0,0.0,ok,within_subject_eeg_shuffle,10,434332,True
full,0,lag_0,RNG_next,C2_RNG_next_given_RNG,C3_RNG_next_given_RNG_EEG,True,False,0.8,0.0,-0.8,-5744.958485936534,-5747.057724495588,-2.099238559053447,11507.96137573279,11656.515083728667,-148.55370799587763,11493.916971873068,11530.115448991177,-36.198477118106894,10,0,0.0,ok,within_subject_eeg_shuffle,10,434332,True
no_wake,0,lag_0,EEG_next,C0_EEG_next_given_EEG,C1_EEG_next_given_EEG_RNG,True,True,0.8,0.8,0.0,-4009.181552902048,-4072.624090589496,-63.44253768744738,8587.288927137546,9283.099823845892,-695.8108967083463,8162.363105804096,8433.248181178991,-270.8850753748948,10,0,0.0,ok,within_subject_eeg_shuffle,10,434332,True
no_wake,0,lag_0,RNG_next,C2_RNG_next_given_RNG,C3_RNG_next_given_RNG_EEG,True,True,0.0,0.0,0.0,-1870.0504208475213,-1876.9049217278448,-6.854500880323258,3755.9028557990273,3896.027970391553,-140.12511459252528,3744.1008416950426,3789.809843455689,-45.70900176064652,10,4,0.4,ok,within_subject_eeg_shuffle,10,434332,True
stable_sleep,0,lag_0,EEG_next,C0_EEG_next_given_EEG,C1_EEG_next_given_EEG_RNG,True,True,0.8,0.8,0.0,-3024.223023395563,-3202.3859393239213,-178.16291592835842,6589.23644493614,7486.352674937872,-897.1162300017322,6192.446046791126,6692.771878647843,-500.3258318567168,10,0,0.0,ok,within_subject_eeg_shuffle,10,434332,True
stable_sleep,0,lag_0,RNG_next,C2_RNG_next_given_RNG,C3_RNG_next_given_RNG_EEG,True,True,0.0,0.0,0.0,-1267.0309236091891,-1267.9737796937795,-0.942856084590403,2549.082708331134,2671.1353094023634,-122.05260107122922,2538.0618472183783,2571.947559387559,-33.885712169180806,10,3,0.3,ok,within_subject_eeg_shuffle,10,434332,True
full,0,lag_0,EEG_next,C0_EEG_next_given_EEG,C1_EEG_next_given_EEG_RNG,True,False,0.0,0.0,0.0,-15647.52458158404,-15674.928287613531,-27.403706029490422,31944.64770211805,32649.053653127,-704.4059510089464,31439.04916316808,31637.856575227062,-198.80741205898084,10,0,0.0,ok,within_subject_eeg_shuffle,11,435341,True
full,0,lag_0,RNG_next,C2_RNG_next_given_RNG,C3_RNG_next_given_RNG_EEG,True,False,0.8,0.0,-0.8,-5744.958485936534,-5745.110217848925,-0.1517319123904599,11507.96137573279,11652.62007043534,-144.65869470255166,11493.916971873068,11526.22043569785,-32.30346382478092,10,0,0.0,ok,within_subject_eeg_shuffle,11,435341,True
no_wake,0,lag_0,EEG_next,C0_EEG_next_given_EEG,C1_EEG_next_given_EEG_RNG,True,True,0.8,0.8,0.0,-4010.613644488022,-4082.1647832425615,-71.55113875453935,8590.153110309495,9302.181209152024,-712.0280988425293,8165.227288976044,8452.329566485123,-287.1022775090787,10,0,0.0,ok,within_subject_eeg_shuffle,11,435341,True
no_wake,0,lag_0,RNG_next,C2_RNG_next_given_RNG,C3_RNG_next_given_RNG_EEG,True,True,0.0,0.0,0.0,-1870.0504208475213,-1873.1062296066088,-3.055808759087313,3755.9028557990273,3888.4305861490807,-132.5277303500534,3744.1008416950426,3782.212459213217,-38.11161751817463,10,3,0.3,ok,within_subject_eeg_shuffle,11,435341,True
stable_sleep,0,lag_0,EEG_next,C0_EEG_next_given_EEG,C1_EEG_next_given_EEG_RNG,True,True,0.8,0.8,0.0,-3129.1905259698656,-3231.5514611997514,-102.36093522988584,6799.171450084746,7544.683718689533,-745.5122686047871,6402.381051939731,6751.102922399503,-348.7218704597717,10,0,0.0,ok,within_subject_eeg_shuffle,11,435341,True
stable_sleep,0,lag_0,RNG_next,C2_RNG_next_given_RNG,C3_RNG_next_given_RNG_EEG,True,True,0.0,0.0,0.0,-1267.0309236091891,-1269.3803144061226,-2.3493907969334487,2549.082708331134,2673.948378827049,-124.86567049591486,2538.0618472183783,2574.760628812245,-36.6987815938669,10,1,0.1,ok,within_subject_eeg_shuffle,11,435341,True
full,0,lag_0,EEG_next,C0_EEG_next_given_EEG,C1_EEG_next_given_EEG_RNG,True,False,0.0,0.0,0.0,-12038.346329061376,-12174.451472408413,-136.10514334703657,24726.29119707272,25648.10002271676,-921.8088256440388,24220.692658122756,24636.902944816826,-416.2102866940732,10,0,0.0,ok,within_subject_rng_shuffle,0,424242,True
full,0,lag_0,RNG_next,C2_RNG_next_given_RNG,C3_RNG_next_given_RNG_EEG,True,False,0.8,0.0,-0.8,-5744.141435442163,-5744.144173620815,-0.00273817865218,11506.327274744048,11650.687981979125,-144.3607072350751,11492.282870884326,11524.28834724163,-32.00547635730436,10,0,0.0,ok,within_subject_rng_shuffle,0,424242,True
no_wake,0,lag_0,EEG_next,C0_EEG_next_given_EEG,C1_EEG_next_given_EEG_RNG,True,True,0.8,0.8,0.0,-3461.7217421413907,-3565.0533443795503,-103.33160223815958,7492.369305616232,8267.958331426002,-775.5890258097697,7067.443484282781,7418.1066887591005,-350.66320447631915,10,2,0.2,ok,within_subject_rng_shuffle,0,424242,True
no_wake,0,lag_0,RNG_next,C2_RNG_next_given_RNG,C3_RNG_next_given_RNG_EEG,True,True,0.0,0.0,0.0,-1870.351814953881,-1874.630410697264,-4.278595743382539,3756.505644011747,3891.478948330391,-134.97330431864384,3744.703629907762,3785.2608213945273,-40.55719148676508,10,5,0.5,ok,within_subject_rng_shuffle,0,424242,True
stable_sleep,0,lag_0,EEG_next,C0_EEG_next_given_EEG,C1_EEG_next_given_EEG_RNG,True,True,0.8,0.8,0.0,-2791.120643891387,-2957.91540791346,-166.79476402207274,6123.031685927788,6997.411612116949,-874.3799261891609,5726.241287782774,6203.830815826919,-477.5895280441455,10,2,0.2,ok,within_subject_rng_shuffle,0,424242,True
stable_sleep,0,lag_0,RNG_next,C2_RNG_next_given_RNG,C3_RNG_next_given_RNG_EEG,True,True,0.0,0.0,0.0,-1266.8243958625092,-1270.0140461993808,-3.1896503368716367,2548.6696528377743,2675.215842413566,-126.54618957579169,2537.6487917250183,2576.0280923987616,-38.37930067374327,10,1,0.1,ok,within_subject_rng_shuffle,0,424242,True
full,0,lag_0,EEG_next,C0_EEG_next_given_EEG,C1_EEG_next_given_EEG_RNG,True,False,0.0,0.0,0.0,-12038.346329061376,-12192.978042968392,-154.6317139070161,24726.29119707272,25685.15316383672,-958.8619667639978,24220.692658122756,24673.956085936785,-453.2634278140322,10,0,0.0,ok,within_subject_rng_shuffle,1,425251,True
full,0,lag_0,RNG_next,C2_RNG_next_given_RNG,C3_RNG_next_given_RNG_EEG,True,False,0.8,0.0,-0.8,-5744.614986000235,-5745.545100349636,-0.9301143494003554,11507.274375860192,11653.489835436763,-146.21545957657145,11493.22997200047,11527.090200699273,-33.86022869880071,10,1,0.1,ok,within_subject_rng_shuffle,1,425251,True
no_wake,0,lag_0,EEG_next,C0_EEG_next_given_EEG,C1_EEG_next_given_EEG_RNG,True,True,0.8,0.8,0.0,-3461.7217421413907,-3562.3592353364697,-100.63749319507906,7492.369305616232,8262.57011333984,-770.2008077236078,7067.443484282781,7412.7184706729395,-345.2749863901581,10,0,0.0,ok,within_subject_rng_shuffle,1,425251,True
no_wake,0,lag_0,RNG_next,C2_RNG_next_given_RNG,C3_RNG_next_given_RNG_EEG,True,True,0.0,0.0,0.0,-1870.5555810338317,-1874.7154762958544,-4.159895262022928,3756.913176171648,3891.649079527572,-134.73590335592462,3745.111162067663,3785.430952591709,-40.31979052404586,10,1,0.1,ok,within_subject_rng_shuffle,1,425251,True
stable_sleep,0,lag_0,EEG_next,C0_EEG_next_given_EEG,C1_EEG_next_given_EEG_RNG,True,True,0.8,0.8,0.0,-2791.120643891387,-2919.724209292454,-128.60356540106704,6123.031685927788,6921.029214874938,-797.9975289471495,5726.241287782774,6127.448418584908,-401.2071308021341,10,0,0.0,ok,within_subject_rng_shuffle,1,425251,True
stable_sleep,0,lag_0,RNG_next,C2_RNG_next_given_RNG,C3_RNG_next_given_RNG_EEG,True,True,0.0,0.0,0.0,-1267.1701892903714,-1275.3676803631938,-8.197491072822459,2549.361239693498,2685.9231107411915,-136.56187104769288,2538.3403785807427,2586.735360726388,-48.39498214564492,10,1,0.1,ok,within_subject_rng_shuffle,1,425251,True
full,0,lag_0,EEG_next,C0_EEG_next_given_EEG,C1_EEG_next_given_EEG_RNG,True,False,0.0,0.0,0.0,-12038.346329061376,-12092.177803626504,-53.83147456512779,24726.29119707272,25483.552685152943,-757.2614880802212,24220.692658122756,24472.35560725301,-251.6629491302556,10,0,0.0,ok,within_subject_rng_shuffle,2,426260,True
full,0,lag_0,RNG_next,C2_RNG_next_given_RNG,C3_RNG_next_given_RNG_EEG,True,False,0.8,0.0,-0.8,-5745.242335402478,-5742.597809004759,2.644526397718437,11508.529074664675,11647.59525274701,-139.06617808233386,11494.484670804955,11521.19561800952,-26.710947204563126,10,0,0.0,ok,within_subject_rng_shuffle,2,426260,True
no_wake,0,lag_0,EEG_next,C0_EEG_next_given_EEG,C1_EEG_next_given_EEG_RNG,True,True,0.8,0.8,0.0,-3461.7217421413907,-3618.735153890767,-157.01341174937625,7492.369305616232,8375.321950448435,-882.9526448322031,7067.443484282781,7525.470307781534,-458.0268234987525,10,0,0.0,ok,within_subject_rng_shuffle,2,426260,True
no_wake,0,lag_0,RNG_next,C2_RNG_next_given_RNG,C3_RNG_next_given_RNG_EEG,True,True,0.0,0.0,0.0,-1870.6032563315189,-1873.439945309476,-2.836688977957237,3757.008526767022,3889.098017554815,-132.08949078779324,3745.206512663037,3782.879890618952,-37.67337795591448,10,2,0.2,ok,within_subject_rng_shuffle,2,426260,True
stable_sleep,0,lag_0,EEG_next,C0_EEG_next_given_EEG,C1_EEG_next_given_EEG_RNG,True,True,0.8,0.8,0.0,-2791.120643891387,-2923.676044715244,-132.55540082385733,6123.031685927788,6928.932885720518,-805.90119979273,5726.241287782774,6135.352089430488,-409.11080164771465,10,1,0.1,ok,within_subject_rng_shuffle,2,426260,True
stable_sleep,0,lag_0,RNG_next,C2_RNG_next_given_RNG,C3_RNG_next_given_RNG_EEG,True,True,0.0,0.0,0.0,-1266.2845594450932,-1269.474616494458,-3.1900570493646683,2547.5899800029424,2674.13698300372,-126.54700300077776,2536.5691188901865,2574.949232988916,-38.38011409872934,10,5,0.5,ok,within_subject_rng_shuffle,2,426260,True
full,0,lag_0,EEG_next,C0_EEG_next_given_EEG,C1_EEG_next_given_EEG_RNG,True,False,0.0,0.0,0.0,-12038.346329061376,-12225.468129482251,-187.12180042087493,24726.29119707272,25750.13333686444,-1023.8421397917156,24220.692658122756,24738.936258964502,-518.2436008417499,10,0,0.0,ok,within_subject_rng_shuffle,3,427269,True
full,0,lag_0,RNG_next,C2_RNG_next_given_RNG,C3_RNG_next_given_RNG_EEG,True,False,0.8,0.8,0.0,-5745.059321548148,-5746.847888979495,-1.7885674313474738,11508.163046956017,11656.095412696484,-147.93236574046568,11494.118643096295,11529.69577795899,-35.57713486269495,10,1,0.1,ok,within_subject_rng_shuffle,3,427269,True
no_wake,0,lag_0,EEG_next,C0_EEG_next_given_EEG,C1_EEG_next_given_EEG_RNG,True,True,0.8,0.8,0.0,-3461.7217421413907,-3612.297088085372,-150.57534594398112,7492.369305616232,8362.445818837645,-870.0765132214128,7067.443484282781,7512.594176170744,-445.15069188796224,10,0,0.0,ok,within_subject_rng_shuffle,3,427269,True
no_wake,0,lag_0,RNG_next,C2_RNG_next_given_RNG,C3_RNG_next_given_RNG_EEG,True,True,0.0,0.0,0.0,-1870.7368105829487,-1876.8156798930008,-6.078869310051914,3757.275635269882,3895.8494867218647,-138.5738514519826,3745.4736211658974,3789.631359786001,-44.15773862010383,10,2,0.2,ok,within_subject_rng_shuffle,3,427269,True
stable_sleep,0,lag_0,EEG_next,C0_EEG_next_given_EEG,C1_EEG_next_given_EEG_RNG,True,True,0.8,0.8,0.0,-2791.120643891387,-2898.423422092041,-107.3027782006543,6123.031685927788,6878.427640474112,-755.395954546324,5726.241287782774,6084.846844184082,-358.6055564013086,10,0,0.0,ok,within_subject_rng_shuffle,3,427269,True
stable_sleep,0,lag_0,RNG_next,C2_RNG_next_given_RNG,C3_RNG_next_given_RNG_EEG,True,True,0.0,0.0,0.0,-1267.5857912528834,-1276.1793200378868,-8.5935287850034,2550.1924436185227,2687.546390090578,-137.3539464720552,2539.1715825057668,2588.3586400757736,-49.1870575700068,10,3,0.3,ok,within_subject_rng_shuffle,3,427269,True
full,0,lag_0,EEG_next,C0_EEG_next_given_EEG,C1_EEG_next_given_EEG_RNG,True,False,0.0,0.0,0.0,-12038.346329061376,-12192.921407227705,-154.57507816632642,24726.29119707272,25685.03989235534,-958.7486952826184,24220.692658122756,24673.842814455405,-453.1501563326528,10,0,0.0,ok,within_subject_rng_shuffle,4,428278,True
full,0,lag_0,RNG_next,C2_RNG_next_given_RNG,C3_RNG_next_given_RNG_EEG,True,False,0.0,0.0,0.0,-5745.322701044026,-5744.859035014186,0.4636660298401693,11508.689805947772,11652.117704765864,-143.4278988180904,11494.645402088052,11525.718070028372,-31.07266794031966,10,1,0.1,ok,within_subject_rng_shuffle,4,428278,True
no_wake,0,lag_0,EEG_next,C0_EEG_next_given_EEG,C1_EEG_next_given_EEG_RNG,True,True,0.8,0.8,0.0,-3461.7217421413907,-3560.479840882452,-98.75809874106152,7492.369305616232,8258.811324431805,-766.4420188155727,7067.443484282781,7408.959681764904,-341.51619748212306,10,1,0.1,ok,within_subject_rng_shuffle,4,428278,True
no_wake,0,lag_0,RNG_next,C2_RNG_next_given_RNG,C3_RNG_next_given_RNG_EEG,True,True,0.0,0.0,0.0,-1870.329363830902,-1873.6360969514656,-3.306733120563649,3756.460741765789,3889.4903208387946,-133.02957907300606,3744.658727661804,3783.272193902931,-38.6134662411273,10,2,0.2,ok,within_subject_rng_shuffle,4,428278,True
stable_sleep,0,lag_0,EEG_next,C0_EEG_next_given_EEG,C1_EEG_next_given_EEG_RNG,True,True,0.8,0.8,0.0,-2791.120643891387,-2859.602598211964,-68.48195432057673,6123.031685927788,6800.785992713957,-677.7543067861689,5726.241287782774,6007.205196423927,-280.96390864115347,10,1,0.1,ok,within_subject_rng_shuffle,4,428278,True
stable_sleep,0,lag_0,RNG_next,C2_RNG_next_given_RNG,C3_RNG_next_given_RNG_EEG,True,True,0.0,0.0,0.0,-1267.6116575523924,-1271.1810611382782,-3.569403585885766,2550.244176217541,2677.5498722913608,-127.30569607381996,2539.223315104785,2578.3621222765564,-39.13880717177153,10,2,0.2,ok,within_subject_rng_shuffle,4,428278,True
full,0,lag_0,EEG_next,C0_EEG_next_given_EEG,C1_EEG_next_given_EEG_RNG,True,False,0.0,0.0,0.0,-12038.346329061376,-12097.59677780812,-59.25044874674495,24726.29119707272,25494.390633516177,-768.0994364434555,24220.692658122756,24483.193555616243,-262.5008974934899,10,0,0.0,ok,within_subject_rng_shuffle,5,429287,True
full,0,lag_0,RNG_next,C2_RNG_next_given_RNG,C3_RNG_next_given_RNG_EEG,True,False,0.8,0.8,0.0,-5745.277397198011,-5746.373613893373,-1.0962166953613632,11508.599198255744,11655.146862524238,-146.54766426849346,11494.554794396025,11528.747227786744,-34.19243339072273,10,1,0.1,ok,within_subject_rng_shuffle,5,429287,True
no_wake,0,lag_0,EEG_next,C0_EEG_next_given_EEG,C1_EEG_next_given_EEG_RNG,True,True,0.8,0.8,0.0,-3461.7217421413907,-3560.305928789278,-98.58418664788724,7492.369305616232,8258.463500245456,-766.0941946292241,7067.443484282781,7408.611857578556,-341.1683732957745,10,0,0.0,ok,within_subject_rng_shuffle,5,429287,True
no_wake,0,lag_0,RNG_next,C2_RNG_next_given_RNG,C3_RNG_next_given_RNG_EEG,True,True,0.0,0.0,0.0,-1870.6013089627568,-1874.0952535341337,-3.4939445713769146,3757.004632029498,3890.408634004131,-133.4040019746326,3745.2026179255136,3784.1905070682674,-38.98788914275383,10,1,0.1,ok,within_subject_rng_shuffle,5,429287,True
stable_sleep,0,lag_0,EEG_next,C0_EEG_next_given_EEG,C1_EEG_next_given_EEG_RNG,True,True,0.8,0.8,0.0,-2791.120643891387,-2937.6638853903314,-146.54324149894455,6123.031685927788,6956.908567070693,-833.8768811429045,5726.241287782774,6163.327770780663,-437.0864829978891,10,1,0.1,ok,within_subject_rng_shuffle,5,429287,True
stable_sleep,0,lag_0,RNG_next,C2_RNG_next_given_RNG,C3_RNG_next_given_RNG_EEG,True,True,0.0,0.0,0.0,-1267.2116270209765,-1272.2370108940695,-5.025383873093233,2549.4441151547085,2679.661771802943,-130.21765664823442,2538.4232540419525,2580.474021788139,-42.05076774618647,10,3,0.3,ok,within_subject_rng_shuffle,5,429287,True
full,0,lag_0,EEG_next,C0_EEG_next_given_EEG,C1_EEG_next_given_EEG_RNG,True,False,0.0,0.0,0.0,-12038.346329061376,-12110.708875761631,-72.36254670025482,24726.29119707272,25520.6148294232,-794.3236323504752,24220.692658122756,24509.417751523262,-288.72509340050965,10,0,0.0,ok,within_subject_rng_shuffle,6,430296,True
full,0,lag_0,RNG_next,C2_RNG_next_given_RNG,C3_RNG_next_given_RNG_EEG,True,False,0.8,0.8,0.0,-5743.840133635779,-5743.318009269701,0.5221243660780601,11505.72467113128,11649.035653276896,-143.31098214561462,11491.680267271558,11522.636018539402,-30.95575126784388,10,1,0.1,ok,within_subject_rng_shuffle,6,430296,True
no_wake,0,lag_0,EEG_next,C0_EEG_next_given_EEG,C1_EEG_next_given_EEG_RNG,True,True,0.8,0.8,0.0,-3461.7217421413907,-3614.580735592714,-152.8589934513234,7492.369305616232,8367.013113852328,-874.6438082360964,7067.443484282781,7517.161471185428,-449.7179869026468,10,1,0.1,ok,within_subject_rng_shuffle,6,430296,False
no_wake,0,lag_0,RNG_next,C2_RNG_next_given_RNG,C3_RNG_next_given_RNG_EEG,True,True,0.0,0.8,0.8,-1870.5427814859988,-1875.5768586012596,-5.034077115260516,3756.8875770759823,3893.371844138382,-136.4842670623998,3745.0855629719977,3787.153717202519,-42.06815423052103,10,2,0.2,ok,within_subject_rng_shuffle,6,430296,False
stable_sleep,0,lag_0,EEG_next,C0_EEG_next_given_EEG,C1_EEG_next_given_EEG_RNG,True,True,0.8,0.8,0.0,-2791.120643891387,-2887.349363206924,-96.22871931553708,6123.031685927788,6856.279522703878,-733.2478367760896,5726.241287782774,6062.698726413848,-336.4574386310742,10,2,0.2,ok,within_subject_rng_shuffle,6,430296,True
stable_sleep,0,lag_0,RNG_next,C2_RNG_next_given_RNG,C3_RNG_next_given_RNG_EEG,True,True,0.8,0.8,0.0,-1267.2259828051265,-1269.7543043648602,-2.5283215597337403,2549.472826723009,2674.6963587445243,-125.22353202151544,2538.451965610253,2575.5086087297204,-37.05664311946748,10,1,0.1,ok,within_subject_rng_shuffle,6,430296,True
full,0,lag_0,EEG_next,C0_EEG_next_given_EEG,C1_EEG_next_given_EEG_RNG,True,False,0.0,0.0,0.0,-12038.346329061376,-12140.578334366504,-102.23200530512804,24726.29119707272,25580.353746632944,-854.0625495602217,24220.692658122756,24569.15666873301,-348.4640106102561,10,0,0.0,ok,within_subject_rng_shuffle,7,431305,True
full,0,lag_0,RNG_next,C2_RNG_next_given_RNG,C3_RNG_next_given_RNG_EEG,True,False,0.8,0.0,-0.8,-5744.516394684091,-5744.634923782007,-0.1185290979155979,11507.077193227904,11651.669482301506,-144.59228907360193,11493.032789368182,11525.269847564014,-32.2370581958312,10,2,0.2,ok,within_subject_rng_shuffle,7,431305,True
no_wake,0,lag_0,EEG_next,C0_EEG_next_given_EEG,C1_EEG_next_given_EEG_RNG,True,True,0.8,0.8,0.0,-3461.7217421413907,-3626.458430609843,-164.73668846845248,7492.369305616232,8390.768503886587,-898.3991982703556,7067.443484282781,7540.916861219686,-473.47337693690497,10,1,0.1,ok,within_subject_rng_shuffle,7,431305,True
no_wake,0,lag_0,RNG_next,C2_RNG_next_given_RNG,C3_RNG_next_given_RNG_EEG,True,True,0.8,0.0,-0.8,-1873.577463835445,-1878.265555925615,-4.688092090169448,3762.956941774876,3898.749238787093,-135.79229701221766,3751.154927670891,3792.53111185123,-41.376184180338896,10,2,0.2,ok,within_subject_rng_shuffle,7,431305,True
stable_sleep,0,lag_0,EEG_next,C0_EEG_next_given_EEG,C1_EEG_next_given_EEG_RNG,True,True,0.8,0.8,0.0,-2791.120643891387,-2899.5233885215907,-108.40274463020388,6123.031685927788,6880.627573333211,-757.5958874054231,5726.241287782774,6087.0467770431815,-360.8054892604077,10,0,0.0,ok,within_subject_rng_shuffle,7,431305,False
stable_sleep,0,lag_0,RNG_next,C2_RNG_next_given_RNG,C3_RNG_next_given_RNG_EEG,True,True,0.0,0.8,0.8,-1266.8786283831578,-1271.397759625972,-4.519131242814183,2548.7781178790715,2677.983269266748,-129.20515138767632,2537.7572567663155,2578.795519251944,-41.038262485628366,10,4,0.4,ok,within_subject_rng_shuffle,7,431305,False
full,0,lag_0,EEG_next,C0_EEG_next_given_EEG,C1_EEG_next_given_EEG_RNG,True,False,0.0,0.0,0.0,-12038.346329061376,-12128.272682650446,-89.92635358906955,24726.29119707272,25555.742443200827,-829.4512461281047,24220.692658122756,24544.54536530089,-323.8527071781391,10,0,0.0,ok,within_subject_rng_shuffle,8,432314,True
full,0,lag_0,RNG_next,C2_RNG_next_given_RNG,C3_RNG_next_given_RNG_EEG,True,False,0.0,0.0,0.0,-5745.263572608781,-5744.583023865067,0.6805487437140982,11508.571549077284,11651.565682467626,-142.99413339034254,11494.527145217562,11525.166047730134,-30.638902512571804,10,2,0.2,ok,within_subject_rng_shuffle,8,432314,True
no_wake,0,lag_0,EEG_next,C0_EEG_next_given_EEG,C1_EEG_next_given_EEG_RNG,True,True,0.8,0.8,0.0,-3461.7217421413907,-3524.960024236958,-63.23828209556723,7492.369305616232,8187.771691140817,-695.402385524585,7067.443484282781,7337.920048473916,-270.47656419113446,10,0,0.0,ok,within_subject_rng_shuffle,8,432314,True
no_wake,0,lag_0,RNG_next,C2_RNG_next_given_RNG,C3_RNG_next_given_RNG_EEG,True,True,0.0,0.0,0.0,-1870.245693586908,-1872.0683606541504,-1.822667067242492,3756.293401277801,3886.354848244164,-130.06144696636375,3744.491387173816,3780.136721308301,-35.64533413448498,10,2,0.2,ok,within_subject_rng_shuffle,8,432314,True
stable_sleep,0,lag_0,EEG_next,C0_EEG_next_given_EEG,C1_EEG_next_given_EEG_RNG,True,True,0.8,0.8,0.0,-2791.120643891387,-2891.911874394668,-100.791230503281,6123.031685927788,6865.404545079366,-742.3728591515774,5726.241287782774,6071.823748789336,-345.582461006562,10,2,0.2,ok,within_subject_rng_shuffle,8,432314,True
stable_sleep,0,lag_0,RNG_next,C2_RNG_next_given_RNG,C3_RNG_next_given_RNG_EEG,True,True,0.8,0.0,-0.8,-1266.83963736932,-1272.204265797364,-5.364628428043943,2548.700135851396,2679.5962816095325,-130.8961457581363,2537.6792747386403,2580.408531594728,-42.729256856087886,10,3,0.3,ok,within_subject_rng_shuffle,8,432314,True
full,0,lag_0,EEG_next,C0_EEG_next_given_EEG,C1_EEG_next_given_EEG_RNG,True,False,0.0,0.0,0.0,-12038.346329061376,-12193.067979935662,-154.72165087428584,24726.29119707272,25685.33303777126,-959.0418406985372,24220.692658122756,24674.135959871324,-453.4433017485717,10,0,0.0,ok,within_subject_rng_shuffle,9,433323,True
full,0,lag_0,RNG_next,C2_RNG_next_given_RNG,C3_RNG_next_given_RNG_EEG,True,False,0.8,0.0,-0.8,-5744.690644873961,-5744.751627588226,-0.0609827142652648,11507.425693607644,11651.902889913945,-144.47719630630127,11493.381289747922,11525.503255176453,-32.12196542853053,10,1,0.1,ok,within_subject_rng_shuffle,9,433323,True
no_wake,0,lag_0,EEG_next,C0_EEG_next_given_EEG,C1_EEG_next_given_EEG_RNG,True,True,0.8,0.8,0.0,-3461.7217421413907,-3606.70117997705,-144.97943783565916,7492.369305616232,8351.254002621,-858.8846970047689,7067.443484282781,7501.4023599541,-433.9588756713183,10,2,0.2,ok,within_subject_rng_shuffle,9,433323,True
no_wake,0,lag_0,RNG_next,C2_RNG_next_given_RNG,C3_RNG_next_given_RNG_EEG,True,True,0.0,0.0,0.0,-1871.135661639693,-1873.7224388683808,-2.586777228687879,3758.0733373833705,3889.663004672625,-131.58966728925452,3746.271323279386,3783.4448777367616,-37.17355445737576,10,1,0.1,ok,within_subject_rng_shuffle,9,433323,True
stable_sleep,0,lag_0,EEG_next,C0_EEG_next_given_EEG,C1_EEG_next_given_EEG_RNG,True,True,0.8,0.8,0.0,-2791.120643891387,-2862.713989663825,-71.59334577243862,6123.031685927788,6807.008775617681,-683.9770896898926,5726.241287782774,6013.427979327651,-287.18669154487725,10,2,0.2,ok,within_subject_rng_shuffle,9,433323,True
stable_sleep,0,lag_0,RNG_next,C2_RNG_next_given_RNG,C3_RNG_next_given_RNG_EEG,True,True,0.0,0.0,0.0,-1267.444278415962,-1270.0305708320204,-2.5862924160583134,2549.90941794468,2675.248891678845,-125.33947373416504,2538.888556831924,2576.061141664041,-37.17258483211663,10,3,0.3,ok,within_subject_rng_shuffle,9,433323,True
full,0,lag_0,EEG_next,C0_EEG_next_given_EEG,C1_EEG_next_given_EEG_RNG,True,False,0.0,0.0,0.0,-12038.346329061376,-12289.354115645978,-251.0077865846015,24726.29119707272,25877.90530919189,-1151.6141121191686,24220.692658122756,24866.70823129196,-646.015573169203,10,0,0.0,ok,within_subject_rng_shuffle,10,434332,True
full,0,lag_0,RNG_next,C2_RNG_next_given_RNG,C3_RNG_next_given_RNG_EEG,True,False,0.8,0.8,0.0,-5746.386602063474,-5750.3645139769615,-3.9779119134873326,11510.81760798667,11663.128662691415,-152.3110547047454,11496.773204126948,11536.729027953925,-39.955823826974665,10,3,0.3,ok,within_subject_rng_shuffle,10,434332,True
no_wake,0,lag_0,EEG_next,C0_EEG_next_given_EEG,C1_EEG_next_given_EEG_RNG,True,True,0.8,0.8,0.0,-3461.7217421413907,-3608.139188544103,-146.4174464027119,7492.369305616232,8354.130019755106,-861.7607141388744,7067.443484282781,7504.278377088205,-436.8348928054238,10,2,0.2,ok,within_subject_rng_shuffle,10,434332,True
no_wake,0,lag_0,RNG_next,C2_RNG_next_given_RNG,C3_RNG_next_given_RNG_EEG,True,True,0.8,0.0,-0.8,-1872.6116096543285,-1878.9188642633728,-6.307254609044321,3761.025233412641,3900.0558554626086,-139.0306220499674,3749.223219308657,3793.837728526745,-44.61450921808864,10,3,0.3,ok,within_subject_rng_shuffle,10,434332,True
stable_sleep,0,lag_0,EEG_next,C0_EEG_next_given_EEG,C1_EEG_next_given_EEG_RNG,True,True,0.8,0.8,0.0,-2791.120643891387,-2864.92451365889,-73.80386976750333,6123.031685927788,6811.42982360781,-688.398137680022,5726.241287782774,6017.84902731778,-291.60773953500666,10,0,0.0,ok,within_subject_rng_shuffle,10,434332,True
stable_sleep,0,lag_0,RNG_next,C2_RNG_next_given_RNG,C3_RNG_next_given_RNG_EEG,True,True,0.0,0.0,0.0,-1267.3875568370552,-1267.105762343445,0.2817944936102776,2549.7959747868663,2669.3992747016937,-119.6032999148274,2538.7751136741103,2570.21152468689,-31.436411012779445,10,4,0.4,ok,within_subject_rng_shuffle,10,434332,True
full,0,lag_0,EEG_next,C0_EEG_next_given_EEG,C1_EEG_next_given_EEG_RNG,True,False,0.0,0.0,0.0,-12038.346329061376,-12110.114826573546,-71.76849751217014,24726.29119707272,25519.426731047028,-793.1355339743059,24220.692658122756,24508.229653147093,-287.5369950243403,10,0,0.0,ok,within_subject_rng_shuffle,11,435341,True
full,0,lag_0,RNG_next,C2_RNG_next_given_RNG,C3_RNG_next_given_RNG_EEG,True,False,0.8,0.0,-0.8,-5744.403151573807,-5743.128487215142,1.2746643586651771,11506.850707007336,11648.656609167776,-141.80590216044038,11492.806303147614,11522.256974430284,-29.45067128266965,10,2,0.2,ok,within_subject_rng_shuffle,11,435341,True
no_wake,0,lag_0,EEG_next,C0_EEG_next_given_EEG,C1_EEG_next_given_EEG_RNG,True,True,0.8,0.8,0.0,-3461.7217421413907,-3577.9503093159665,-116.2285671745758,7492.369305616232,8293.752261298834,-801.3829556826022,7067.443484282781,7443.900618631933,-376.4571343491516,10,1,0.1,ok,within_subject_rng_shuffle,11,435341,True
no_wake,0,lag_0,RNG_next,C2_RNG_next_given_RNG,C3_RNG_next_given_RNG_EEG,True,True,0.0,0.0,0.0,-1870.8406991267304,-1874.0314822355904,-3.190783108860387,3757.483412357445,3890.2810914070446,-132.79767904959954,3745.681398253461,3784.062964471181,-38.38156621772077,10,2,0.2,ok,within_subject_rng_shuffle,11,435341,True
stable_sleep,0,lag_0,EEG_next,C0_EEG_next_given_EEG,C1_EEG_next_given_EEG_RNG,True,True,0.8,0.8,0.0,-2791.120643891387,-2933.4843817731044,-142.3637378817175,6123.031685927788,6948.549559836239,-825.5178739084504,5726.241287782774,6154.968763546209,-428.727475763435,10,1,0.1,ok,within_subject_rng_shuffle,11,435341,True
stable_sleep,0,lag_0,RNG_next,C2_RNG_next_given_RNG,C3_RNG_next_given_RNG_EEG,True,True,0.0,0.0,0.0,-1267.9665683276448,-1268.37656418216,-0.4099958545150457,2550.9539977680456,2671.940878379124,-120.9868806110785,2539.9331366552897,2572.75312836432,-32.81999170903009,10,4,0.4,ok,within_subject_rng_shuffle,11,435341,True
